"SUBJECT","Subject","LOCATION","Country","FREQUENCY","Frequency","TIME","Time","Unit Code","Unit","PowerCode Code","PowerCode","Reference Period Code","Reference Period","Value","Flag Codes","Flags"
"CCRETT02","Relative unit labour costs","AUS","Australia","A","Annual","2020","2020","IDX","Index","0","Units","2010_100","2010=100",95.02652,,
"CCRETT02","Relative unit labour costs","AUS","Australia","A","Annual","2021","2021","IDX","Index","0","Units","2010_100","2010=100",98.98205,,
"CCRETT02","Relative unit labour costs","AUS","Australia","A","Annual","2022","2022","IDX","Index","0","Units","2010_100","2010=100",99.17769,,
"CCRETT02","Relative unit labour costs","AUS","Australia","Q","Quarterly","2020-Q1","Q1-2020","IDX","Index","0","Units","2010_100","2010=100",90.39989,,
"CCRETT02","Relative unit labour costs","AUS","Australia","Q","Quarterly","2020-Q2","Q2-2020","IDX","Index","0","Units","2010_100","2010=100",93.23028,,
"CCRETT02","Relative unit labour costs","AUS","Australia","Q","Quarterly","2020-Q3","Q3-2020","IDX","Index","0","Units","2010_100","2010=100",99.72047,,
"CCRETT02","Relative unit labour costs","AUS","Australia","Q","Quarterly","2020-Q4","Q4-2020","IDX","Index","0","Units","2010_100","2010=100",96.75543,,
"CCRETT02","Relative unit labour costs","AUS","Australia","Q","Quarterly","2021-Q1","Q1-2021","IDX","Index","0","Units","2010_100","2010=100",100.406,,
"CCRETT02","Relative unit labour costs","AUS","Australia","Q","Quarterly","2021-Q2","Q2-2021","IDX","Index","0","Units","2010_100","2010=100",100.6609,,
"CCRETT02","Relative unit labour costs","AUS","Australia","Q","Quarterly","2021-Q3","Q3-2021","IDX","Index","0","Units","2010_100","2010=100",98.69055,,
"CCRETT02","Relative unit labour costs","AUS","Australia","Q","Quarterly","2021-Q4","Q4-2021","IDX","Index","0","Units","2010_100","2010=100",96.17078,,
"CCRETT02","Relative unit labour costs","AUS","Australia","Q","Quarterly","2022-Q1","Q1-2022","IDX","Index","0","Units","2010_100","2010=100",96.2065,,
"CCRETT02","Relative unit labour costs","AUS","Australia","Q","Quarterly","2022-Q2","Q2-2022","IDX","Index","0","Units","2010_100","2010=100",100.1881,,
"CCRETT02","Relative unit labour costs","AUS","Australia","Q","Quarterly","2022-Q3","Q3-2022","IDX","Index","0","Units","2010_100","2010=100",101.1081,,
"CCRETT02","Relative unit labour costs","AUS","Australia","Q","Quarterly","2022-Q4","Q4-2022","IDX","Index","0","Units","2010_100","2010=100",99.20805,,
"CCRETT02","Relative unit labour costs","AUS","Australia","Q","Quarterly","2023-Q1","Q1-2023","IDX","Index","0","Units","2010_100","2010=100",101.0737,,
"CCRETT02","Relative unit labour costs","AUS","Australia","Q","Quarterly","2023-Q2","Q2-2023","IDX","Index","0","Units","2010_100","2010=100",100.5886,,
"CCRETT02","Relative unit labour costs","AUT","Austria","A","Annual","2020","2020","IDX","Index","0","Units","2010_100","2010=100",103.4002,,
"CCRETT02","Relative unit labour costs","AUT","Austria","A","Annual","2021","2021","IDX","Index","0","Units","2010_100","2010=100",102.9915,,
"CCRETT02","Relative unit labour costs","AUT","Austria","A","Annual","2022","2022","IDX","Index","0","Units","2010_100","2010=100",100.5431,,
"CCRETT02","Relative unit labour costs","AUT","Austria","Q","Quarterly","2020-Q1","Q1-2020","IDX","Index","0","Units","2010_100","2010=100",100.7015,,
"CCRETT02","Relative unit labour costs","AUT","Austria","Q","Quarterly","2020-Q2","Q2-2020","IDX","Index","0","Units","2010_100","2010=100",105.7599,,
"CCRETT02","Relative unit labour costs","AUT","Austria","Q","Quarterly","2020-Q3","Q3-2020","IDX","Index","0","Units","2010_100","2010=100",102.1106,,
"CCRETT02","Relative unit labour costs","AUT","Austria","Q","Quarterly","2020-Q4","Q4-2020","IDX","Index","0","Units","2010_100","2010=100",105.0289,,
"CCRETT02","Relative unit labour costs","AUT","Austria","Q","Quarterly","2021-Q1","Q1-2021","IDX","Index","0","Units","2010_100","2010=100",104.0057,,
"CCRETT02","Relative unit labour costs","AUT","Austria","Q","Quarterly","2021-Q2","Q2-2021","IDX","Index","0","Units","2010_100","2010=100",104.1076,,
"CCRETT02","Relative unit labour costs","AUT","Austria","Q","Quarterly","2021-Q3","Q3-2021","IDX","Index","0","Units","2010_100","2010=100",101.3306,,
"CCRETT02","Relative unit labour costs","AUT","Austria","Q","Quarterly","2021-Q4","Q4-2021","IDX","Index","0","Units","2010_100","2010=100",102.522,,
"CCRETT02","Relative unit labour costs","AUT","Austria","Q","Quarterly","2022-Q1","Q1-2022","IDX","Index","0","Units","2010_100","2010=100",101.1707,,
"CCRETT02","Relative unit labour costs","AUT","Austria","Q","Quarterly","2022-Q2","Q2-2022","IDX","Index","0","Units","2010_100","2010=100",100.6448,,
"CCRETT02","Relative unit labour costs","AUT","Austria","Q","Quarterly","2022-Q3","Q3-2022","IDX","Index","0","Units","2010_100","2010=100",99.99652,,
"CCRETT02","Relative unit labour costs","AUT","Austria","Q","Quarterly","2022-Q4","Q4-2022","IDX","Index","0","Units","2010_100","2010=100",100.3603,,
"CCRETT02","Relative unit labour costs","AUT","Austria","Q","Quarterly","2023-Q1","Q1-2023","IDX","Index","0","Units","2010_100","2010=100",102.1963,,
"CCRETT02","Relative unit labour costs","AUT","Austria","Q","Quarterly","2023-Q2","Q2-2023","IDX","Index","0","Units","2010_100","2010=100",103.6001,,
"CCRETT02","Relative unit labour costs","BEL","Belgium","A","Annual","2020","2020","IDX","Index","0","Units","2010_100","2010=100",101.5881,,
"CCRETT02","Relative unit labour costs","BEL","Belgium","A","Annual","2021","2021","IDX","Index","0","Units","2010_100","2010=100",101.583,,
"CCRETT02","Relative unit labour costs","BEL","Belgium","A","Annual","2022","2022","IDX","Index","0","Units","2010_100","2010=100",101.7331,,
"CCRETT02","Relative unit labour costs","BEL","Belgium","Q","Quarterly","2020-Q1","Q1-2020","IDX","Index","0","Units","2010_100","2010=100",98.94561,,
"CCRETT02","Relative unit labour costs","BEL","Belgium","Q","Quarterly","2020-Q2","Q2-2020","IDX","Index","0","Units","2010_100","2010=100",101.3404,,
"CCRETT02","Relative unit labour costs","BEL","Belgium","Q","Quarterly","2020-Q3","Q3-2020","IDX","Index","0","Units","2010_100","2010=100",103.174,,
"CCRETT02","Relative unit labour costs","BEL","Belgium","Q","Quarterly","2020-Q4","Q4-2020","IDX","Index","0","Units","2010_100","2010=100",102.8924,,
"CCRETT02","Relative unit labour costs","BEL","Belgium","Q","Quarterly","2021-Q1","Q1-2021","IDX","Index","0","Units","2010_100","2010=100",101.6882,,
"CCRETT02","Relative unit labour costs","BEL","Belgium","Q","Quarterly","2021-Q2","Q2-2021","IDX","Index","0","Units","2010_100","2010=100",103.0036,,
"CCRETT02","Relative unit labour costs","BEL","Belgium","Q","Quarterly","2021-Q3","Q3-2021","IDX","Index","0","Units","2010_100","2010=100",100.7766,,
"CCRETT02","Relative unit labour costs","BEL","Belgium","Q","Quarterly","2021-Q4","Q4-2021","IDX","Index","0","Units","2010_100","2010=100",100.8638,,
"CCRETT02","Relative unit labour costs","BEL","Belgium","Q","Quarterly","2022-Q1","Q1-2022","IDX","Index","0","Units","2010_100","2010=100",101.7467,,
"CCRETT02","Relative unit labour costs","BEL","Belgium","Q","Quarterly","2022-Q2","Q2-2022","IDX","Index","0","Units","2010_100","2010=100",101.5609,,
"CCRETT02","Relative unit labour costs","BEL","Belgium","Q","Quarterly","2022-Q3","Q3-2022","IDX","Index","0","Units","2010_100","2010=100",101.2725,,
"CCRETT02","Relative unit labour costs","BEL","Belgium","Q","Quarterly","2022-Q4","Q4-2022","IDX","Index","0","Units","2010_100","2010=100",102.3525,,
"CCRETT02","Relative unit labour costs","BEL","Belgium","Q","Quarterly","2023-Q1","Q1-2023","IDX","Index","0","Units","2010_100","2010=100",105.7044,,
"CCRETT02","Relative unit labour costs","BEL","Belgium","Q","Quarterly","2023-Q2","Q2-2023","IDX","Index","0","Units","2010_100","2010=100",106.37,,
"CCRETT02","Relative unit labour costs","CAN","Canada","A","Annual","2020","2020","IDX","Index","0","Units","2010_100","2010=100",94.43403,,
"CCRETT02","Relative unit labour costs","CAN","Canada","A","Annual","2021","2021","IDX","Index","0","Units","2010_100","2010=100",102.1721,,
"CCRETT02","Relative unit labour costs","CAN","Canada","A","Annual","2022","2022","IDX","Index","0","Units","2010_100","2010=100",101.9455,,
"CCRETT02","Relative unit labour costs","CAN","Canada","Q","Quarterly","2020-Q1","Q1-2020","IDX","Index","0","Units","2010_100","2010=100",94.13738,,
"CCRETT02","Relative unit labour costs","CAN","Canada","Q","Quarterly","2020-Q2","Q2-2020","IDX","Index","0","Units","2010_100","2010=100",91.61939,,
"CCRETT02","Relative unit labour costs","CAN","Canada","Q","Quarterly","2020-Q3","Q3-2020","IDX","Index","0","Units","2010_100","2010=100",95.96589,,
"CCRETT02","Relative unit labour costs","CAN","Canada","Q","Quarterly","2020-Q4","Q4-2020","IDX","Index","0","Units","2010_100","2010=100",96.01346,,
"CCRETT02","Relative unit labour costs","CAN","Canada","Q","Quarterly","2021-Q1","Q1-2021","IDX","Index","0","Units","2010_100","2010=100",99.67715,,
"CCRETT02","Relative unit labour costs","CAN","Canada","Q","Quarterly","2021-Q2","Q2-2021","IDX","Index","0","Units","2010_100","2010=100",104.6063,,
"CCRETT02","Relative unit labour costs","CAN","Canada","Q","Quarterly","2021-Q3","Q3-2021","IDX","Index","0","Units","2010_100","2010=100",102.3587,,
"CCRETT02","Relative unit labour costs","CAN","Canada","Q","Quarterly","2021-Q4","Q4-2021","IDX","Index","0","Units","2010_100","2010=100",102.0463,,
"CCRETT02","Relative unit labour costs","CAN","Canada","Q","Quarterly","2022-Q1","Q1-2022","IDX","Index","0","Units","2010_100","2010=100",102.9375,,
"CCRETT02","Relative unit labour costs","CAN","Canada","Q","Quarterly","2022-Q2","Q2-2022","IDX","Index","0","Units","2010_100","2010=100",103.5215,,
"CCRETT02","Relative unit labour costs","CAN","Canada","Q","Quarterly","2022-Q3","Q3-2022","IDX","Index","0","Units","2010_100","2010=100",101.975,,
"CCRETT02","Relative unit labour costs","CAN","Canada","Q","Quarterly","2022-Q4","Q4-2022","IDX","Index","0","Units","2010_100","2010=100",99.34804,,
"CCRETT02","Relative unit labour costs","CAN","Canada","Q","Quarterly","2023-Q1","Q1-2023","IDX","Index","0","Units","2010_100","2010=100",98.72031,,
"CCRETT02","Relative unit labour costs","CAN","Canada","Q","Quarterly","2023-Q2","Q2-2023","IDX","Index","0","Units","2010_100","2010=100",100.8802,,
"CCRETT02","Relative unit labour costs","CZE","Czech Republic","A","Annual","2020","2020","IDX","Index","0","Units","2010_100","2010=100",118.2912,,
"CCRETT02","Relative unit labour costs","CZE","Czech Republic","A","Annual","2021","2021","IDX","Index","0","Units","2010_100","2010=100",124.932,,
"CCRETT02","Relative unit labour costs","CZE","Czech Republic","A","Annual","2022","2022","IDX","Index","0","Units","2010_100","2010=100",130.5062,,
"CCRETT02","Relative unit labour costs","CZE","Czech Republic","Q","Quarterly","2020-Q1","Q1-2020","IDX","Index","0","Units","2010_100","2010=100",121.1211,,
"CCRETT02","Relative unit labour costs","CZE","Czech Republic","Q","Quarterly","2020-Q2","Q2-2020","IDX","Index","0","Units","2010_100","2010=100",112.8825,,
"CCRETT02","Relative unit labour costs","CZE","Czech Republic","Q","Quarterly","2020-Q3","Q3-2020","IDX","Index","0","Units","2010_100","2010=100",118.9191,,
"CCRETT02","Relative unit labour costs","CZE","Czech Republic","Q","Quarterly","2020-Q4","Q4-2020","IDX","Index","0","Units","2010_100","2010=100",120.2419,,
"CCRETT02","Relative unit labour costs","CZE","Czech Republic","Q","Quarterly","2021-Q1","Q1-2021","IDX","Index","0","Units","2010_100","2010=100",120.0078,,
"CCRETT02","Relative unit labour costs","CZE","Czech Republic","Q","Quarterly","2021-Q2","Q2-2021","IDX","Index","0","Units","2010_100","2010=100",127.667,,
"CCRETT02","Relative unit labour costs","CZE","Czech Republic","Q","Quarterly","2021-Q3","Q3-2021","IDX","Index","0","Units","2010_100","2010=100",126.6911,,
"CCRETT02","Relative unit labour costs","CZE","Czech Republic","Q","Quarterly","2021-Q4","Q4-2021","IDX","Index","0","Units","2010_100","2010=100",125.362,,
"CCRETT02","Relative unit labour costs","CZE","Czech Republic","Q","Quarterly","2022-Q1","Q1-2022","IDX","Index","0","Units","2010_100","2010=100",128.9383,,
"CCRETT02","Relative unit labour costs","CZE","Czech Republic","Q","Quarterly","2022-Q2","Q2-2022","IDX","Index","0","Units","2010_100","2010=100",130.1275,,
"CCRETT02","Relative unit labour costs","CZE","Czech Republic","Q","Quarterly","2022-Q3","Q3-2022","IDX","Index","0","Units","2010_100","2010=100",130.0547,,
"CCRETT02","Relative unit labour costs","CZE","Czech Republic","Q","Quarterly","2022-Q4","Q4-2022","IDX","Index","0","Units","2010_100","2010=100",132.9044,,
"CCRETT02","Relative unit labour costs","CZE","Czech Republic","Q","Quarterly","2023-Q1","Q1-2023","IDX","Index","0","Units","2010_100","2010=100",138.0226,,
"CCRETT02","Relative unit labour costs","CZE","Czech Republic","Q","Quarterly","2023-Q2","Q2-2023","IDX","Index","0","Units","2010_100","2010=100",139.7228,,
"CCRETT02","Relative unit labour costs","DNK","Denmark","A","Annual","2020","2020","IDX","Index","0","Units","2010_100","2010=100",100.4415,,
"CCRETT02","Relative unit labour costs","DNK","Denmark","A","Annual","2021","2021","IDX","Index","0","Units","2010_100","2010=100",98.73149,,
"CCRETT02","Relative unit labour costs","DNK","Denmark","A","Annual","2022","2022","IDX","Index","0","Units","2010_100","2010=100",98.13448,,
"CCRETT02","Relative unit labour costs","DNK","Denmark","Q","Quarterly","2020-Q1","Q1-2020","IDX","Index","0","Units","2010_100","2010=100",99.16278,,
"CCRETT02","Relative unit labour costs","DNK","Denmark","Q","Quarterly","2020-Q2","Q2-2020","IDX","Index","0","Units","2010_100","2010=100",100.2763,,
"CCRETT02","Relative unit labour costs","DNK","Denmark","Q","Quarterly","2020-Q3","Q3-2020","IDX","Index","0","Units","2010_100","2010=100",101.6064,,
"CCRETT02","Relative unit labour costs","DNK","Denmark","Q","Quarterly","2020-Q4","Q4-2020","IDX","Index","0","Units","2010_100","2010=100",100.7205,,
"CCRETT02","Relative unit labour costs","DNK","Denmark","Q","Quarterly","2021-Q1","Q1-2021","IDX","Index","0","Units","2010_100","2010=100",98.77717,,
"CCRETT02","Relative unit labour costs","DNK","Denmark","Q","Quarterly","2021-Q2","Q2-2021","IDX","Index","0","Units","2010_100","2010=100",98.62548,,
"CCRETT02","Relative unit labour costs","DNK","Denmark","Q","Quarterly","2021-Q3","Q3-2021","IDX","Index","0","Units","2010_100","2010=100",99.33739,,
"CCRETT02","Relative unit labour costs","DNK","Denmark","Q","Quarterly","2021-Q4","Q4-2021","IDX","Index","0","Units","2010_100","2010=100",98.18591,,
"CCRETT02","Relative unit labour costs","DNK","Denmark","Q","Quarterly","2022-Q1","Q1-2022","IDX","Index","0","Units","2010_100","2010=100",99.19325,,
"CCRETT02","Relative unit labour costs","DNK","Denmark","Q","Quarterly","2022-Q2","Q2-2022","IDX","Index","0","Units","2010_100","2010=100",98.18595,,
"CCRETT02","Relative unit labour costs","DNK","Denmark","Q","Quarterly","2022-Q3","Q3-2022","IDX","Index","0","Units","2010_100","2010=100",97.05872,,
"CCRETT02","Relative unit labour costs","DNK","Denmark","Q","Quarterly","2022-Q4","Q4-2022","IDX","Index","0","Units","2010_100","2010=100",98.09998,,
"CCRETT02","Relative unit labour costs","DNK","Denmark","Q","Quarterly","2023-Q1","Q1-2023","IDX","Index","0","Units","2010_100","2010=100",97.03702,,
"CCRETT02","Relative unit labour costs","DNK","Denmark","Q","Quarterly","2023-Q2","Q2-2023","IDX","Index","0","Units","2010_100","2010=100",98.25627,,
"CCRETT02","Relative unit labour costs","FIN","Finland","A","Annual","2020","2020","IDX","Index","0","Units","2010_100","2010=100",94.57776,,
"CCRETT02","Relative unit labour costs","FIN","Finland","A","Annual","2021","2021","IDX","Index","0","Units","2010_100","2010=100",97.84648,,
"CCRETT02","Relative unit labour costs","FIN","Finland","A","Annual","2022","2022","IDX","Index","0","Units","2010_100","2010=100",95.93995,,
"CCRETT02","Relative unit labour costs","FIN","Finland","Q","Quarterly","2020-Q1","Q1-2020","IDX","Index","0","Units","2010_100","2010=100",95.64769,,
"CCRETT02","Relative unit labour costs","FIN","Finland","Q","Quarterly","2020-Q2","Q2-2020","IDX","Index","0","Units","2010_100","2010=100",92.5745,,
"CCRETT02","Relative unit labour costs","FIN","Finland","Q","Quarterly","2020-Q3","Q3-2020","IDX","Index","0","Units","2010_100","2010=100",94.76542,,
"CCRETT02","Relative unit labour costs","FIN","Finland","Q","Quarterly","2020-Q4","Q4-2020","IDX","Index","0","Units","2010_100","2010=100",95.32343,,
"CCRETT02","Relative unit labour costs","FIN","Finland","Q","Quarterly","2021-Q1","Q1-2021","IDX","Index","0","Units","2010_100","2010=100",97.64954,,
"CCRETT02","Relative unit labour costs","FIN","Finland","Q","Quarterly","2021-Q2","Q2-2021","IDX","Index","0","Units","2010_100","2010=100",98.62196,,
"CCRETT02","Relative unit labour costs","FIN","Finland","Q","Quarterly","2021-Q3","Q3-2021","IDX","Index","0","Units","2010_100","2010=100",98.21064,,
"CCRETT02","Relative unit labour costs","FIN","Finland","Q","Quarterly","2021-Q4","Q4-2021","IDX","Index","0","Units","2010_100","2010=100",96.90379,,
"CCRETT02","Relative unit labour costs","FIN","Finland","Q","Quarterly","2022-Q1","Q1-2022","IDX","Index","0","Units","2010_100","2010=100",99.00719,,
"CCRETT02","Relative unit labour costs","FIN","Finland","Q","Quarterly","2022-Q2","Q2-2022","IDX","Index","0","Units","2010_100","2010=100",95.01712,,
"CCRETT02","Relative unit labour costs","FIN","Finland","Q","Quarterly","2022-Q3","Q3-2022","IDX","Index","0","Units","2010_100","2010=100",94.24183,,
"CCRETT02","Relative unit labour costs","FIN","Finland","Q","Quarterly","2022-Q4","Q4-2022","IDX","Index","0","Units","2010_100","2010=100",95.49364,,
"CCRETT02","Relative unit labour costs","FIN","Finland","Q","Quarterly","2023-Q1","Q1-2023","IDX","Index","0","Units","2010_100","2010=100",98.14304,,
"CCRETT02","Relative unit labour costs","FIN","Finland","Q","Quarterly","2023-Q2","Q2-2023","IDX","Index","0","Units","2010_100","2010=100",99.77261,,
"CCRETT02","Relative unit labour costs","FRA","France","A","Annual","2020","2020","IDX","Index","0","Units","2010_100","2010=100",96.48405,,
"CCRETT02","Relative unit labour costs","FRA","France","A","Annual","2021","2021","IDX","Index","0","Units","2010_100","2010=100",97.53894,,
"CCRETT02","Relative unit labour costs","FRA","France","A","Annual","2022","2022","IDX","Index","0","Units","2010_100","2010=100",96.91589,,
"CCRETT02","Relative unit labour costs","FRA","France","Q","Quarterly","2020-Q1","Q1-2020","IDX","Index","0","Units","2010_100","2010=100",96.49944,,
"CCRETT02","Relative unit labour costs","FRA","France","Q","Quarterly","2020-Q2","Q2-2020","IDX","Index","0","Units","2010_100","2010=100",95.98593,,
"CCRETT02","Relative unit labour costs","FRA","France","Q","Quarterly","2020-Q3","Q3-2020","IDX","Index","0","Units","2010_100","2010=100",96.87812,,
"CCRETT02","Relative unit labour costs","FRA","France","Q","Quarterly","2020-Q4","Q4-2020","IDX","Index","0","Units","2010_100","2010=100",96.57269,,
"CCRETT02","Relative unit labour costs","FRA","France","Q","Quarterly","2021-Q1","Q1-2021","IDX","Index","0","Units","2010_100","2010=100",97.02435,,
"CCRETT02","Relative unit labour costs","FRA","France","Q","Quarterly","2021-Q2","Q2-2021","IDX","Index","0","Units","2010_100","2010=100",98.13193,,
"CCRETT02","Relative unit labour costs","FRA","France","Q","Quarterly","2021-Q3","Q3-2021","IDX","Index","0","Units","2010_100","2010=100",97.69324,,
"CCRETT02","Relative unit labour costs","FRA","France","Q","Quarterly","2021-Q4","Q4-2021","IDX","Index","0","Units","2010_100","2010=100",97.30624,,
"CCRETT02","Relative unit labour costs","FRA","France","Q","Quarterly","2022-Q1","Q1-2022","IDX","Index","0","Units","2010_100","2010=100",97.60627,,
"CCRETT02","Relative unit labour costs","FRA","France","Q","Quarterly","2022-Q2","Q2-2022","IDX","Index","0","Units","2010_100","2010=100",96.92902,,
"CCRETT02","Relative unit labour costs","FRA","France","Q","Quarterly","2022-Q3","Q3-2022","IDX","Index","0","Units","2010_100","2010=100",96.03336,,
"CCRETT02","Relative unit labour costs","FRA","France","Q","Quarterly","2022-Q4","Q4-2022","IDX","Index","0","Units","2010_100","2010=100",97.09489,,
"CCRETT02","Relative unit labour costs","FRA","France","Q","Quarterly","2023-Q1","Q1-2023","IDX","Index","0","Units","2010_100","2010=100",97.04213,,
"CCRETT02","Relative unit labour costs","FRA","France","Q","Quarterly","2023-Q2","Q2-2023","IDX","Index","0","Units","2010_100","2010=100",97.01686,,
"CCRETT02","Relative unit labour costs","DEU","Germany","A","Annual","2020","2020","IDX","Index","0","Units","2010_100","2010=100",105.6278,,
"CCRETT02","Relative unit labour costs","DEU","Germany","A","Annual","2021","2021","IDX","Index","0","Units","2010_100","2010=100",105.8801,,
"CCRETT02","Relative unit labour costs","DEU","Germany","A","Annual","2022","2022","IDX","Index","0","Units","2010_100","2010=100",103.2193,,
"CCRETT02","Relative unit labour costs","DEU","Germany","Q","Quarterly","2020-Q1","Q1-2020","IDX","Index","0","Units","2010_100","2010=100",105.0342,,
"CCRETT02","Relative unit labour costs","DEU","Germany","Q","Quarterly","2020-Q2","Q2-2020","IDX","Index","0","Units","2010_100","2010=100",106.4946,,
"CCRETT02","Relative unit labour costs","DEU","Germany","Q","Quarterly","2020-Q3","Q3-2020","IDX","Index","0","Units","2010_100","2010=100",105.7357,,
"CCRETT02","Relative unit labour costs","DEU","Germany","Q","Quarterly","2020-Q4","Q4-2020","IDX","Index","0","Units","2010_100","2010=100",105.2467,,
"CCRETT02","Relative unit labour costs","DEU","Germany","Q","Quarterly","2021-Q1","Q1-2021","IDX","Index","0","Units","2010_100","2010=100",106.4219,,
"CCRETT02","Relative unit labour costs","DEU","Germany","Q","Quarterly","2021-Q2","Q2-2021","IDX","Index","0","Units","2010_100","2010=100",105.0628,,
"CCRETT02","Relative unit labour costs","DEU","Germany","Q","Quarterly","2021-Q3","Q3-2021","IDX","Index","0","Units","2010_100","2010=100",106.3321,,
"CCRETT02","Relative unit labour costs","DEU","Germany","Q","Quarterly","2021-Q4","Q4-2021","IDX","Index","0","Units","2010_100","2010=100",105.7036,,
"CCRETT02","Relative unit labour costs","DEU","Germany","Q","Quarterly","2022-Q1","Q1-2022","IDX","Index","0","Units","2010_100","2010=100",104.7151,,
"CCRETT02","Relative unit labour costs","DEU","Germany","Q","Quarterly","2022-Q2","Q2-2022","IDX","Index","0","Units","2010_100","2010=100",102.7992,,
"CCRETT02","Relative unit labour costs","DEU","Germany","Q","Quarterly","2022-Q3","Q3-2022","IDX","Index","0","Units","2010_100","2010=100",101.6204,,
"CCRETT02","Relative unit labour costs","DEU","Germany","Q","Quarterly","2022-Q4","Q4-2022","IDX","Index","0","Units","2010_100","2010=100",103.7425,,
"CCRETT02","Relative unit labour costs","DEU","Germany","Q","Quarterly","2023-Q1","Q1-2023","IDX","Index","0","Units","2010_100","2010=100",105.2897,,
"CCRETT02","Relative unit labour costs","DEU","Germany","Q","Quarterly","2023-Q2","Q2-2023","IDX","Index","0","Units","2010_100","2010=100",104.7621,,
"CCRETT02","Relative unit labour costs","GRC","Greece","A","Annual","2020","2020","IDX","Index","0","Units","2010_100","2010=100",105.5895,,
"CCRETT02","Relative unit labour costs","GRC","Greece","A","Annual","2021","2021","IDX","Index","0","Units","2010_100","2010=100",102.539,,
"CCRETT02","Relative unit labour costs","GRC","Greece","A","Annual","2022","2022","IDX","Index","0","Units","2010_100","2010=100",95.31361,,
"CCRETT02","Relative unit labour costs","GRC","Greece","Q","Quarterly","2020-Q1","Q1-2020","IDX","Index","0","Units","2010_100","2010=100",100.7996,,
"CCRETT02","Relative unit labour costs","GRC","Greece","Q","Quarterly","2020-Q2","Q2-2020","IDX","Index","0","Units","2010_100","2010=100",107.2208,,
"CCRETT02","Relative unit labour costs","GRC","Greece","Q","Quarterly","2020-Q3","Q3-2020","IDX","Index","0","Units","2010_100","2010=100",109.5384,,
"CCRETT02","Relative unit labour costs","GRC","Greece","Q","Quarterly","2020-Q4","Q4-2020","IDX","Index","0","Units","2010_100","2010=100",104.7991,,
"CCRETT02","Relative unit labour costs","GRC","Greece","Q","Quarterly","2021-Q1","Q1-2021","IDX","Index","0","Units","2010_100","2010=100",102.0434,,
"CCRETT02","Relative unit labour costs","GRC","Greece","Q","Quarterly","2021-Q2","Q2-2021","IDX","Index","0","Units","2010_100","2010=100",103.4506,,
"CCRETT02","Relative unit labour costs","GRC","Greece","Q","Quarterly","2021-Q3","Q3-2021","IDX","Index","0","Units","2010_100","2010=100",102.2932,,
"CCRETT02","Relative unit labour costs","GRC","Greece","Q","Quarterly","2021-Q4","Q4-2021","IDX","Index","0","Units","2010_100","2010=100",102.369,,
"CCRETT02","Relative unit labour costs","GRC","Greece","Q","Quarterly","2022-Q1","Q1-2022","IDX","Index","0","Units","2010_100","2010=100",98.67784,,
"CCRETT02","Relative unit labour costs","GRC","Greece","Q","Quarterly","2022-Q2","Q2-2022","IDX","Index","0","Units","2010_100","2010=100",95.14436,,
"CCRETT02","Relative unit labour costs","GRC","Greece","Q","Quarterly","2022-Q3","Q3-2022","IDX","Index","0","Units","2010_100","2010=100",93.78698,,
"CCRETT02","Relative unit labour costs","GRC","Greece","Q","Quarterly","2022-Q4","Q4-2022","IDX","Index","0","Units","2010_100","2010=100",93.64524,,
"CCRETT02","Relative unit labour costs","GRC","Greece","Q","Quarterly","2023-Q1","Q1-2023","IDX","Index","0","Units","2010_100","2010=100",96.68018,,
"CCRETT02","Relative unit labour costs","GRC","Greece","Q","Quarterly","2023-Q2","Q2-2023","IDX","Index","0","Units","2010_100","2010=100",101.2396,,
"CCRETT02","Relative unit labour costs","HUN","Hungary","A","Annual","2020","2020","IDX","Index","0","Units","2010_100","2010=100",95.20477,,
"CCRETT02","Relative unit labour costs","HUN","Hungary","A","Annual","2021","2021","IDX","Index","0","Units","2010_100","2010=100",94.92452,,
"CCRETT02","Relative unit labour costs","HUN","Hungary","A","Annual","2022","2022","IDX","Index","0","Units","2010_100","2010=100",92.14042,,
"CCRETT02","Relative unit labour costs","HUN","Hungary","Q","Quarterly","2020-Q1","Q1-2020","IDX","Index","0","Units","2010_100","2010=100",94.28027,,
"CCRETT02","Relative unit labour costs","HUN","Hungary","Q","Quarterly","2020-Q2","Q2-2020","IDX","Index","0","Units","2010_100","2010=100",97.51636,,
"CCRETT02","Relative unit labour costs","HUN","Hungary","Q","Quarterly","2020-Q3","Q3-2020","IDX","Index","0","Units","2010_100","2010=100",95.30247,,
"CCRETT02","Relative unit labour costs","HUN","Hungary","Q","Quarterly","2020-Q4","Q4-2020","IDX","Index","0","Units","2010_100","2010=100",93.72,,
"CCRETT02","Relative unit labour costs","HUN","Hungary","Q","Quarterly","2021-Q1","Q1-2021","IDX","Index","0","Units","2010_100","2010=100",94.39028,,
"CCRETT02","Relative unit labour costs","HUN","Hungary","Q","Quarterly","2021-Q2","Q2-2021","IDX","Index","0","Units","2010_100","2010=100",96.65109,,
"CCRETT02","Relative unit labour costs","HUN","Hungary","Q","Quarterly","2021-Q3","Q3-2021","IDX","Index","0","Units","2010_100","2010=100",96.007,,
"CCRETT02","Relative unit labour costs","HUN","Hungary","Q","Quarterly","2021-Q4","Q4-2021","IDX","Index","0","Units","2010_100","2010=100",92.6497,,
"CCRETT02","Relative unit labour costs","HUN","Hungary","Q","Quarterly","2022-Q1","Q1-2022","IDX","Index","0","Units","2010_100","2010=100",100.8313,,
"CCRETT02","Relative unit labour costs","HUN","Hungary","Q","Quarterly","2022-Q2","Q2-2022","IDX","Index","0","Units","2010_100","2010=100",89.6153,,
"CCRETT02","Relative unit labour costs","HUN","Hungary","Q","Quarterly","2022-Q3","Q3-2022","IDX","Index","0","Units","2010_100","2010=100",88.59218,,
"CCRETT02","Relative unit labour costs","HUN","Hungary","Q","Quarterly","2022-Q4","Q4-2022","IDX","Index","0","Units","2010_100","2010=100",89.52293,,
"CCRETT02","Relative unit labour costs","HUN","Hungary","Q","Quarterly","2023-Q1","Q1-2023","IDX","Index","0","Units","2010_100","2010=100",98.73131,,
"CCRETT02","Relative unit labour costs","HUN","Hungary","Q","Quarterly","2023-Q2","Q2-2023","IDX","Index","0","Units","2010_100","2010=100",105.9221,,
"CCRETT02","Relative unit labour costs","ISL","Iceland","A","Annual","2020","2020","IDX","Index","0","Units","2010_100","2010=100",110.1665,,
"CCRETT02","Relative unit labour costs","ISL","Iceland","A","Annual","2021","2021","IDX","Index","0","Units","2010_100","2010=100",117.2548,,
"CCRETT02","Relative unit labour costs","ISL","Iceland","A","Annual","2022","2022","IDX","Index","0","Units","2010_100","2010=100",126.5515,,
"CCRETT02","Relative unit labour costs","ISL","Iceland","Q","Quarterly","2020-Q1","Q1-2020","IDX","Index","0","Units","2010_100","2010=100",117.6614,,
"CCRETT02","Relative unit labour costs","ISL","Iceland","Q","Quarterly","2020-Q2","Q2-2020","IDX","Index","0","Units","2010_100","2010=100",109.7552,,
"CCRETT02","Relative unit labour costs","ISL","Iceland","Q","Quarterly","2020-Q3","Q3-2020","IDX","Index","0","Units","2010_100","2010=100",107.8495,,
"CCRETT02","Relative unit labour costs","ISL","Iceland","Q","Quarterly","2020-Q4","Q4-2020","IDX","Index","0","Units","2010_100","2010=100",105.4,,
"CCRETT02","Relative unit labour costs","ISL","Iceland","Q","Quarterly","2021-Q1","Q1-2021","IDX","Index","0","Units","2010_100","2010=100",114.1992,,
"CCRETT02","Relative unit labour costs","ISL","Iceland","Q","Quarterly","2021-Q2","Q2-2021","IDX","Index","0","Units","2010_100","2010=100",118.2566,,
"CCRETT02","Relative unit labour costs","ISL","Iceland","Q","Quarterly","2021-Q3","Q3-2021","IDX","Index","0","Units","2010_100","2010=100",118.7927,,
"CCRETT02","Relative unit labour costs","ISL","Iceland","Q","Quarterly","2021-Q4","Q4-2021","IDX","Index","0","Units","2010_100","2010=100",117.7706,,
"CCRETT02","Relative unit labour costs","ISL","Iceland","Q","Quarterly","2022-Q1","Q1-2022","IDX","Index","0","Units","2010_100","2010=100",127.1436,,
"CCRETT02","Relative unit labour costs","ISL","Iceland","Q","Quarterly","2022-Q2","Q2-2022","IDX","Index","0","Units","2010_100","2010=100",129.0043,,
"CCRETT02","Relative unit labour costs","ISL","Iceland","Q","Quarterly","2022-Q3","Q3-2022","IDX","Index","0","Units","2010_100","2010=100",128.7701,,
"CCRETT02","Relative unit labour costs","ISL","Iceland","Q","Quarterly","2022-Q4","Q4-2022","IDX","Index","0","Units","2010_100","2010=100",121.2881,,
"CCRETT02","Relative unit labour costs","ISL","Iceland","Q","Quarterly","2023-Q1","Q1-2023","IDX","Index","0","Units","2010_100","2010=100",117.9565,,
"CCRETT02","Relative unit labour costs","ISL","Iceland","Q","Quarterly","2023-Q2","Q2-2023","IDX","Index","0","Units","2010_100","2010=100",119.7395,,
"CCRETT02","Relative unit labour costs","IRL","Ireland","A","Annual","2020","2020","IDX","Index","0","Units","2010_100","2010=100",90.82386,,
"CCRETT02","Relative unit labour costs","IRL","Ireland","A","Annual","2021","2021","IDX","Index","0","Units","2010_100","2010=100",86.60728,,
"CCRETT02","Relative unit labour costs","IRL","Ireland","A","Annual","2022","2022","IDX","Index","0","Units","2010_100","2010=100",81.56413,,
"CCRETT02","Relative unit labour costs","IRL","Ireland","Q","Quarterly","2020-Q1","Q1-2020","IDX","Index","0","Units","2010_100","2010=100",96.68458,,
"CCRETT02","Relative unit labour costs","IRL","Ireland","Q","Quarterly","2020-Q2","Q2-2020","IDX","Index","0","Units","2010_100","2010=100",83.62803,,
"CCRETT02","Relative unit labour costs","IRL","Ireland","Q","Quarterly","2020-Q3","Q3-2020","IDX","Index","0","Units","2010_100","2010=100",87.13045,,
"CCRETT02","Relative unit labour costs","IRL","Ireland","Q","Quarterly","2020-Q4","Q4-2020","IDX","Index","0","Units","2010_100","2010=100",95.85238,,
"CCRETT02","Relative unit labour costs","IRL","Ireland","Q","Quarterly","2021-Q1","Q1-2021","IDX","Index","0","Units","2010_100","2010=100",83.88967,,
"CCRETT02","Relative unit labour costs","IRL","Ireland","Q","Quarterly","2021-Q2","Q2-2021","IDX","Index","0","Units","2010_100","2010=100",86.18621,,
"CCRETT02","Relative unit labour costs","IRL","Ireland","Q","Quarterly","2021-Q3","Q3-2021","IDX","Index","0","Units","2010_100","2010=100",86.75889,,
"CCRETT02","Relative unit labour costs","IRL","Ireland","Q","Quarterly","2021-Q4","Q4-2021","IDX","Index","0","Units","2010_100","2010=100",89.59434,,
"CCRETT02","Relative unit labour costs","IRL","Ireland","Q","Quarterly","2022-Q1","Q1-2022","IDX","Index","0","Units","2010_100","2010=100",83.53593,,
"CCRETT02","Relative unit labour costs","IRL","Ireland","Q","Quarterly","2022-Q2","Q2-2022","IDX","Index","0","Units","2010_100","2010=100",81.93297,,
"CCRETT02","Relative unit labour costs","IRL","Ireland","Q","Quarterly","2022-Q3","Q3-2022","IDX","Index","0","Units","2010_100","2010=100",79.48508,,
"CCRETT02","Relative unit labour costs","IRL","Ireland","Q","Quarterly","2022-Q4","Q4-2022","IDX","Index","0","Units","2010_100","2010=100",81.30251,,
"CCRETT02","Relative unit labour costs","IRL","Ireland","Q","Quarterly","2023-Q1","Q1-2023","IDX","Index","0","Units","2010_100","2010=100",85.4481,,
"CCRETT02","Relative unit labour costs","IRL","Ireland","Q","Quarterly","2023-Q2","Q2-2023","IDX","Index","0","Units","2010_100","2010=100",86.62652,,
"CCRETT02","Relative unit labour costs","ITA","Italy","A","Annual","2020","2020","IDX","Index","0","Units","2010_100","2010=100",101.5438,,
"CCRETT02","Relative unit labour costs","ITA","Italy","A","Annual","2021","2021","IDX","Index","0","Units","2010_100","2010=100",102.3632,,
"CCRETT02","Relative unit labour costs","ITA","Italy","A","Annual","2022","2022","IDX","Index","0","Units","2010_100","2010=100",99.3812,,
"CCRETT02","Relative unit labour costs","ITA","Italy","Q","Quarterly","2020-Q1","Q1-2020","IDX","Index","0","Units","2010_100","2010=100",101.64,,
"CCRETT02","Relative unit labour costs","ITA","Italy","Q","Quarterly","2020-Q2","Q2-2020","IDX","Index","0","Units","2010_100","2010=100",99.40768,,
"CCRETT02","Relative unit labour costs","ITA","Italy","Q","Quarterly","2020-Q3","Q3-2020","IDX","Index","0","Units","2010_100","2010=100",102.7564,,
"CCRETT02","Relative unit labour costs","ITA","Italy","Q","Quarterly","2020-Q4","Q4-2020","IDX","Index","0","Units","2010_100","2010=100",102.371,,
"CCRETT02","Relative unit labour costs","ITA","Italy","Q","Quarterly","2021-Q1","Q1-2021","IDX","Index","0","Units","2010_100","2010=100",103.1363,,
"CCRETT02","Relative unit labour costs","ITA","Italy","Q","Quarterly","2021-Q2","Q2-2021","IDX","Index","0","Units","2010_100","2010=100",103.329,,
"CCRETT02","Relative unit labour costs","ITA","Italy","Q","Quarterly","2021-Q3","Q3-2021","IDX","Index","0","Units","2010_100","2010=100",102.6005,,
"CCRETT02","Relative unit labour costs","ITA","Italy","Q","Quarterly","2021-Q4","Q4-2021","IDX","Index","0","Units","2010_100","2010=100",100.3869,,
"CCRETT02","Relative unit labour costs","ITA","Italy","Q","Quarterly","2022-Q1","Q1-2022","IDX","Index","0","Units","2010_100","2010=100",100.6593,,
"CCRETT02","Relative unit labour costs","ITA","Italy","Q","Quarterly","2022-Q2","Q2-2022","IDX","Index","0","Units","2010_100","2010=100",100.1108,,
"CCRETT02","Relative unit labour costs","ITA","Italy","Q","Quarterly","2022-Q3","Q3-2022","IDX","Index","0","Units","2010_100","2010=100",97.37493,,
"CCRETT02","Relative unit labour costs","ITA","Italy","Q","Quarterly","2022-Q4","Q4-2022","IDX","Index","0","Units","2010_100","2010=100",99.37972,,
"CCRETT02","Relative unit labour costs","ITA","Italy","Q","Quarterly","2023-Q1","Q1-2023","IDX","Index","0","Units","2010_100","2010=100",98.88169,,
"CCRETT02","Relative unit labour costs","ITA","Italy","Q","Quarterly","2023-Q2","Q2-2023","IDX","Index","0","Units","2010_100","2010=100",99.68062,,
"CCRETT02","Relative unit labour costs","JPN","Japan","A","Annual","2020","2020","IDX","Index","0","Units","2010_100","2010=100",118.2398,,
"CCRETT02","Relative unit labour costs","JPN","Japan","A","Annual","2021","2021","IDX","Index","0","Units","2010_100","2010=100",108.9506,,
"CCRETT02","Relative unit labour costs","JPN","Japan","A","Annual","2022","2022","IDX","Index","0","Units","2010_100","2010=100",94.23001,,
"CCRETT02","Relative unit labour costs","JPN","Japan","Q","Quarterly","2020-Q1","Q1-2020","IDX","Index","0","Units","2010_100","2010=100",116.9446,,
"CCRETT02","Relative unit labour costs","JPN","Japan","Q","Quarterly","2020-Q2","Q2-2020","IDX","Index","0","Units","2010_100","2010=100",123.5477,,
"CCRETT02","Relative unit labour costs","JPN","Japan","Q","Quarterly","2020-Q3","Q3-2020","IDX","Index","0","Units","2010_100","2010=100",117.5382,,
"CCRETT02","Relative unit labour costs","JPN","Japan","Q","Quarterly","2020-Q4","Q4-2020","IDX","Index","0","Units","2010_100","2010=100",114.9288,,
"CCRETT02","Relative unit labour costs","JPN","Japan","Q","Quarterly","2021-Q1","Q1-2021","IDX","Index","0","Units","2010_100","2010=100",113.8659,,
"CCRETT02","Relative unit labour costs","JPN","Japan","Q","Quarterly","2021-Q2","Q2-2021","IDX","Index","0","Units","2010_100","2010=100",108.4851,,
"CCRETT02","Relative unit labour costs","JPN","Japan","Q","Quarterly","2021-Q3","Q3-2021","IDX","Index","0","Units","2010_100","2010=100",109.0511,,
"CCRETT02","Relative unit labour costs","JPN","Japan","Q","Quarterly","2021-Q4","Q4-2021","IDX","Index","0","Units","2010_100","2010=100",104.4003,,
"CCRETT02","Relative unit labour costs","JPN","Japan","Q","Quarterly","2022-Q1","Q1-2022","IDX","Index","0","Units","2010_100","2010=100",103.4919,,
"CCRETT02","Relative unit labour costs","JPN","Japan","Q","Quarterly","2022-Q2","Q2-2022","IDX","Index","0","Units","2010_100","2010=100",93.56697,,
"CCRETT02","Relative unit labour costs","JPN","Japan","Q","Quarterly","2022-Q3","Q3-2022","IDX","Index","0","Units","2010_100","2010=100",90.27402,,
"CCRETT02","Relative unit labour costs","JPN","Japan","Q","Quarterly","2022-Q4","Q4-2022","IDX","Index","0","Units","2010_100","2010=100",89.58715,,
"CCRETT02","Relative unit labour costs","JPN","Japan","Q","Quarterly","2023-Q1","Q1-2023","IDX","Index","0","Units","2010_100","2010=100",91.16563,,
"CCRETT02","Relative unit labour costs","JPN","Japan","Q","Quarterly","2023-Q2","Q2-2023","IDX","Index","0","Units","2010_100","2010=100",87.75371,,
"CCRETT02","Relative unit labour costs","KOR","Korea","A","Annual","2020","2020","IDX","Index","0","Units","2010_100","2010=100",99.87843,,
"CCRETT02","Relative unit labour costs","KOR","Korea","A","Annual","2021","2021","IDX","Index","0","Units","2010_100","2010=100",100.5395,,
"CCRETT02","Relative unit labour costs","KOR","Korea","A","Annual","2022","2022","IDX","Index","0","Units","2010_100","2010=100",96.34602,,
"CCRETT02","Relative unit labour costs","KOR","Korea","Q","Quarterly","2020-Q1","Q1-2020","IDX","Index","0","Units","2010_100","2010=100",98.69486,,
"CCRETT02","Relative unit labour costs","KOR","Korea","Q","Quarterly","2020-Q2","Q2-2020","IDX","Index","0","Units","2010_100","2010=100",98.40271,,
"CCRETT02","Relative unit labour costs","KOR","Korea","Q","Quarterly","2020-Q3","Q3-2020","IDX","Index","0","Units","2010_100","2010=100",99.36942,,
"CCRETT02","Relative unit labour costs","KOR","Korea","Q","Quarterly","2020-Q4","Q4-2020","IDX","Index","0","Units","2010_100","2010=100",103.0467,,
"CCRETT02","Relative unit labour costs","KOR","Korea","Q","Quarterly","2021-Q1","Q1-2021","IDX","Index","0","Units","2010_100","2010=100",102.0945,,
"CCRETT02","Relative unit labour costs","KOR","Korea","Q","Quarterly","2021-Q2","Q2-2021","IDX","Index","0","Units","2010_100","2010=100",102.2364,,
"CCRETT02","Relative unit labour costs","KOR","Korea","Q","Quarterly","2021-Q3","Q3-2021","IDX","Index","0","Units","2010_100","2010=100",100.0927,,
"CCRETT02","Relative unit labour costs","KOR","Korea","Q","Quarterly","2021-Q4","Q4-2021","IDX","Index","0","Units","2010_100","2010=100",97.73429,,
"CCRETT02","Relative unit labour costs","KOR","Korea","Q","Quarterly","2022-Q1","Q1-2022","IDX","Index","0","Units","2010_100","2010=100",97.61525,,
"CCRETT02","Relative unit labour costs","KOR","Korea","Q","Quarterly","2022-Q2","Q2-2022","IDX","Index","0","Units","2010_100","2010=100",97.09887,,
"CCRETT02","Relative unit labour costs","KOR","Korea","Q","Quarterly","2022-Q3","Q3-2022","IDX","Index","0","Units","2010_100","2010=100",94.71644,,
"CCRETT02","Relative unit labour costs","KOR","Korea","Q","Quarterly","2022-Q4","Q4-2022","IDX","Index","0","Units","2010_100","2010=100",95.95351,,
"CCRETT02","Relative unit labour costs","KOR","Korea","Q","Quarterly","2023-Q1","Q1-2023","IDX","Index","0","Units","2010_100","2010=100",99.94888,,
"CCRETT02","Relative unit labour costs","KOR","Korea","Q","Quarterly","2023-Q2","Q2-2023","IDX","Index","0","Units","2010_100","2010=100",98.23808,,
"CCRETT02","Relative unit labour costs","LUX","Luxembourg","A","Annual","2020","2020","IDX","Index","0","Units","2010_100","2010=100",107.114,,
"CCRETT02","Relative unit labour costs","LUX","Luxembourg","A","Annual","2021","2021","IDX","Index","0","Units","2010_100","2010=100",111.3306,,
"CCRETT02","Relative unit labour costs","LUX","Luxembourg","A","Annual","2022","2022","IDX","Index","0","Units","2010_100","2010=100",113.215,,
"CCRETT02","Relative unit labour costs","LUX","Luxembourg","Q","Quarterly","2020-Q1","Q1-2020","IDX","Index","0","Units","2010_100","2010=100",108.1942,,
"CCRETT02","Relative unit labour costs","LUX","Luxembourg","Q","Quarterly","2020-Q2","Q2-2020","IDX","Index","0","Units","2010_100","2010=100",101.286,,
"CCRETT02","Relative unit labour costs","LUX","Luxembourg","Q","Quarterly","2020-Q3","Q3-2020","IDX","Index","0","Units","2010_100","2010=100",109.1199,,
"CCRETT02","Relative unit labour costs","LUX","Luxembourg","Q","Quarterly","2020-Q4","Q4-2020","IDX","Index","0","Units","2010_100","2010=100",109.8559,,
"CCRETT02","Relative unit labour costs","LUX","Luxembourg","Q","Quarterly","2021-Q1","Q1-2021","IDX","Index","0","Units","2010_100","2010=100",108.4512,,
"CCRETT02","Relative unit labour costs","LUX","Luxembourg","Q","Quarterly","2021-Q2","Q2-2021","IDX","Index","0","Units","2010_100","2010=100",110.8223,,
"CCRETT02","Relative unit labour costs","LUX","Luxembourg","Q","Quarterly","2021-Q3","Q3-2021","IDX","Index","0","Units","2010_100","2010=100",113.0979,,
"CCRETT02","Relative unit labour costs","LUX","Luxembourg","Q","Quarterly","2021-Q4","Q4-2021","IDX","Index","0","Units","2010_100","2010=100",112.951,,
"CCRETT02","Relative unit labour costs","LUX","Luxembourg","Q","Quarterly","2022-Q1","Q1-2022","IDX","Index","0","Units","2010_100","2010=100",112.2922,,
"CCRETT02","Relative unit labour costs","LUX","Luxembourg","Q","Quarterly","2022-Q2","Q2-2022","IDX","Index","0","Units","2010_100","2010=100",114.3217,,
"CCRETT02","Relative unit labour costs","LUX","Luxembourg","Q","Quarterly","2022-Q3","Q3-2022","IDX","Index","0","Units","2010_100","2010=100",111.5014,,
"CCRETT02","Relative unit labour costs","LUX","Luxembourg","Q","Quarterly","2022-Q4","Q4-2022","IDX","Index","0","Units","2010_100","2010=100",114.7447,,
"CCRETT02","Relative unit labour costs","LUX","Luxembourg","Q","Quarterly","2023-Q1","Q1-2023","IDX","Index","0","Units","2010_100","2010=100",115.5231,,
"CCRETT02","Relative unit labour costs","LUX","Luxembourg","Q","Quarterly","2023-Q2","Q2-2023","IDX","Index","0","Units","2010_100","2010=100",117.2517,,
"CCRETT02","Relative unit labour costs","MEX","Mexico","A","Annual","2020","2020","IDX","Index","0","Units","2010_100","2010=100",89.29269,,
"CCRETT02","Relative unit labour costs","MEX","Mexico","A","Annual","2021","2021","IDX","Index","0","Units","2010_100","2010=100",94.56696,,
"CCRETT02","Relative unit labour costs","MEX","Mexico","A","Annual","2022","2022","IDX","Index","0","Units","2010_100","2010=100",95.42587,,
"CCRETT02","Relative unit labour costs","MEX","Mexico","Q","Quarterly","2020-Q1","Q1-2020","IDX","Index","0","Units","2010_100","2010=100",88.20042,,
"CCRETT02","Relative unit labour costs","MEX","Mexico","Q","Quarterly","2020-Q2","Q2-2020","IDX","Index","0","Units","2010_100","2010=100",91.17512,,
"CCRETT02","Relative unit labour costs","MEX","Mexico","Q","Quarterly","2020-Q3","Q3-2020","IDX","Index","0","Units","2010_100","2010=100",87.71175,,
"CCRETT02","Relative unit labour costs","MEX","Mexico","Q","Quarterly","2020-Q4","Q4-2020","IDX","Index","0","Units","2010_100","2010=100",90.08346,,
"CCRETT02","Relative unit labour costs","MEX","Mexico","Q","Quarterly","2021-Q1","Q1-2021","IDX","Index","0","Units","2010_100","2010=100",92.74268,,
"CCRETT02","Relative unit labour costs","MEX","Mexico","Q","Quarterly","2021-Q2","Q2-2021","IDX","Index","0","Units","2010_100","2010=100",94.82044,,
"CCRETT02","Relative unit labour costs","MEX","Mexico","Q","Quarterly","2021-Q3","Q3-2021","IDX","Index","0","Units","2010_100","2010=100",96.85486,,
"CCRETT02","Relative unit labour costs","MEX","Mexico","Q","Quarterly","2021-Q4","Q4-2021","IDX","Index","0","Units","2010_100","2010=100",93.84984,,
"CCRETT02","Relative unit labour costs","MEX","Mexico","Q","Quarterly","2022-Q1","Q1-2022","IDX","Index","0","Units","2010_100","2010=100",93.12791,,
"CCRETT02","Relative unit labour costs","MEX","Mexico","Q","Quarterly","2022-Q2","Q2-2022","IDX","Index","0","Units","2010_100","2010=100",95.6362,,
"CCRETT02","Relative unit labour costs","MEX","Mexico","Q","Quarterly","2022-Q3","Q3-2022","IDX","Index","0","Units","2010_100","2010=100",94.90826,,
"CCRETT02","Relative unit labour costs","MEX","Mexico","Q","Quarterly","2022-Q4","Q4-2022","IDX","Index","0","Units","2010_100","2010=100",98.03113,,
"CCRETT02","Relative unit labour costs","MEX","Mexico","Q","Quarterly","2023-Q1","Q1-2023","IDX","Index","0","Units","2010_100","2010=100",100.6417,,
"CCRETT02","Relative unit labour costs","MEX","Mexico","Q","Quarterly","2023-Q2","Q2-2023","IDX","Index","0","Units","2010_100","2010=100",105.6555,,
"CCRETT02","Relative unit labour costs","NLD","Netherlands","A","Annual","2020","2020","IDX","Index","0","Units","2010_100","2010=100",109.928,,
"CCRETT02","Relative unit labour costs","NLD","Netherlands","A","Annual","2021","2021","IDX","Index","0","Units","2010_100","2010=100",107.5899,,
"CCRETT02","Relative unit labour costs","NLD","Netherlands","A","Annual","2022","2022","IDX","Index","0","Units","2010_100","2010=100",102.7804,,
"CCRETT02","Relative unit labour costs","NLD","Netherlands","Q","Quarterly","2020-Q1","Q1-2020","IDX","Index","0","Units","2010_100","2010=100",105.1033,,
"CCRETT02","Relative unit labour costs","NLD","Netherlands","Q","Quarterly","2020-Q2","Q2-2020","IDX","Index","0","Units","2010_100","2010=100",109.6764,,
"CCRETT02","Relative unit labour costs","NLD","Netherlands","Q","Quarterly","2020-Q3","Q3-2020","IDX","Index","0","Units","2010_100","2010=100",111.2968,,
"CCRETT02","Relative unit labour costs","NLD","Netherlands","Q","Quarterly","2020-Q4","Q4-2020","IDX","Index","0","Units","2010_100","2010=100",113.6355,,
"CCRETT02","Relative unit labour costs","NLD","Netherlands","Q","Quarterly","2021-Q1","Q1-2021","IDX","Index","0","Units","2010_100","2010=100",110.0484,,
"CCRETT02","Relative unit labour costs","NLD","Netherlands","Q","Quarterly","2021-Q2","Q2-2021","IDX","Index","0","Units","2010_100","2010=100",108.5751,,
"CCRETT02","Relative unit labour costs","NLD","Netherlands","Q","Quarterly","2021-Q3","Q3-2021","IDX","Index","0","Units","2010_100","2010=100",106.5168,,
"CCRETT02","Relative unit labour costs","NLD","Netherlands","Q","Quarterly","2021-Q4","Q4-2021","IDX","Index","0","Units","2010_100","2010=100",105.2194,,
"CCRETT02","Relative unit labour costs","NLD","Netherlands","Q","Quarterly","2022-Q1","Q1-2022","IDX","Index","0","Units","2010_100","2010=100",105.7119,,
"CCRETT02","Relative unit labour costs","NLD","Netherlands","Q","Quarterly","2022-Q2","Q2-2022","IDX","Index","0","Units","2010_100","2010=100",101.4108,,
"CCRETT02","Relative unit labour costs","NLD","Netherlands","Q","Quarterly","2022-Q3","Q3-2022","IDX","Index","0","Units","2010_100","2010=100",101.3052,,
"CCRETT02","Relative unit labour costs","NLD","Netherlands","Q","Quarterly","2022-Q4","Q4-2022","IDX","Index","0","Units","2010_100","2010=100",102.6939,,
"CCRETT02","Relative unit labour costs","NLD","Netherlands","Q","Quarterly","2023-Q1","Q1-2023","IDX","Index","0","Units","2010_100","2010=100",105.3222,,
"CCRETT02","Relative unit labour costs","NLD","Netherlands","Q","Quarterly","2023-Q2","Q2-2023","IDX","Index","0","Units","2010_100","2010=100",108.473,,
"CCRETT02","Relative unit labour costs","NZL","New Zealand","A","Annual","2020","2020","IDX","Index","0","Units","2010_100","2010=100",98.4987,,
"CCRETT02","Relative unit labour costs","NZL","New Zealand","A","Annual","2021","2021","IDX","Index","0","Units","2010_100","2010=100",102.0522,,
"CCRETT02","Relative unit labour costs","NZL","New Zealand","A","Annual","2022","2022","IDX","Index","0","Units","2010_100","2010=100",98.64099,,
"CCRETT02","Relative unit labour costs","NZL","New Zealand","Q","Quarterly","2020-Q1","Q1-2020","IDX","Index","0","Units","2010_100","2010=100",96.86008,,
"CCRETT02","Relative unit labour costs","NZL","New Zealand","Q","Quarterly","2020-Q2","Q2-2020","IDX","Index","0","Units","2010_100","2010=100",103.2174,,
"CCRETT02","Relative unit labour costs","NZL","New Zealand","Q","Quarterly","2020-Q3","Q3-2020","IDX","Index","0","Units","2010_100","2010=100",96.02848,,
"CCRETT02","Relative unit labour costs","NZL","New Zealand","Q","Quarterly","2020-Q4","Q4-2020","IDX","Index","0","Units","2010_100","2010=100",97.88885,,
"CCRETT02","Relative unit labour costs","NZL","New Zealand","Q","Quarterly","2021-Q1","Q1-2021","IDX","Index","0","Units","2010_100","2010=100",99.63493,,
"CCRETT02","Relative unit labour costs","NZL","New Zealand","Q","Quarterly","2021-Q2","Q2-2021","IDX","Index","0","Units","2010_100","2010=100",100.3741,,
"CCRETT02","Relative unit labour costs","NZL","New Zealand","Q","Quarterly","2021-Q3","Q3-2021","IDX","Index","0","Units","2010_100","2010=100",104.6882,,
"CCRETT02","Relative unit labour costs","NZL","New Zealand","Q","Quarterly","2021-Q4","Q4-2021","IDX","Index","0","Units","2010_100","2010=100",103.5114,,
"CCRETT02","Relative unit labour costs","NZL","New Zealand","Q","Quarterly","2022-Q1","Q1-2022","IDX","Index","0","Units","2010_100","2010=100",101.3484,,
"CCRETT02","Relative unit labour costs","NZL","New Zealand","Q","Quarterly","2022-Q2","Q2-2022","IDX","Index","0","Units","2010_100","2010=100",99.6614,,
"CCRETT02","Relative unit labour costs","NZL","New Zealand","Q","Quarterly","2022-Q3","Q3-2022","IDX","Index","0","Units","2010_100","2010=100",96.03737,,
"CCRETT02","Relative unit labour costs","NZL","New Zealand","Q","Quarterly","2022-Q4","Q4-2022","IDX","Index","0","Units","2010_100","2010=100",97.51682,,
"CCRETT02","Relative unit labour costs","NZL","New Zealand","Q","Quarterly","2023-Q1","Q1-2023","IDX","Index","0","Units","2010_100","2010=100",98.60947,,
"CCRETT02","Relative unit labour costs","NZL","New Zealand","Q","Quarterly","2023-Q2","Q2-2023","IDX","Index","0","Units","2010_100","2010=100",98.55272,,
"CCRETT02","Relative unit labour costs","NOR","Norway","A","Annual","2020","2020","IDX","Index","0","Units","2010_100","2010=100",87.43108,,
"CCRETT02","Relative unit labour costs","NOR","Norway","A","Annual","2021","2021","IDX","Index","0","Units","2010_100","2010=100",93.63332,,
"CCRETT02","Relative unit labour costs","NOR","Norway","A","Annual","2022","2022","IDX","Index","0","Units","2010_100","2010=100",94.44668,,
"CCRETT02","Relative unit labour costs","NOR","Norway","Q","Quarterly","2020-Q1","Q1-2020","IDX","Index","0","Units","2010_100","2010=100",90.85848,,
"CCRETT02","Relative unit labour costs","NOR","Norway","Q","Quarterly","2020-Q2","Q2-2020","IDX","Index","0","Units","2010_100","2010=100",82.999,,
"CCRETT02","Relative unit labour costs","NOR","Norway","Q","Quarterly","2020-Q3","Q3-2020","IDX","Index","0","Units","2010_100","2010=100",88.17268,,
"CCRETT02","Relative unit labour costs","NOR","Norway","Q","Quarterly","2020-Q4","Q4-2020","IDX","Index","0","Units","2010_100","2010=100",87.69418,,
"CCRETT02","Relative unit labour costs","NOR","Norway","Q","Quarterly","2021-Q1","Q1-2021","IDX","Index","0","Units","2010_100","2010=100",93.2001,,
"CCRETT02","Relative unit labour costs","NOR","Norway","Q","Quarterly","2021-Q2","Q2-2021","IDX","Index","0","Units","2010_100","2010=100",94.60213,,
"CCRETT02","Relative unit labour costs","NOR","Norway","Q","Quarterly","2021-Q3","Q3-2021","IDX","Index","0","Units","2010_100","2010=100",91.19295,,
"CCRETT02","Relative unit labour costs","NOR","Norway","Q","Quarterly","2021-Q4","Q4-2021","IDX","Index","0","Units","2010_100","2010=100",95.5381,,
"CCRETT02","Relative unit labour costs","NOR","Norway","Q","Quarterly","2022-Q1","Q1-2022","IDX","Index","0","Units","2010_100","2010=100",97.07664,,
"CCRETT02","Relative unit labour costs","NOR","Norway","Q","Quarterly","2022-Q2","Q2-2022","IDX","Index","0","Units","2010_100","2010=100",95.61508,,
"CCRETT02","Relative unit labour costs","NOR","Norway","Q","Quarterly","2022-Q3","Q3-2022","IDX","Index","0","Units","2010_100","2010=100",93.41106,,
"CCRETT02","Relative unit labour costs","NOR","Norway","Q","Quarterly","2022-Q4","Q4-2022","IDX","Index","0","Units","2010_100","2010=100",91.68392,,
"CCRETT02","Relative unit labour costs","NOR","Norway","Q","Quarterly","2023-Q1","Q1-2023","IDX","Index","0","Units","2010_100","2010=100",88.25138,,
"CCRETT02","Relative unit labour costs","NOR","Norway","Q","Quarterly","2023-Q2","Q2-2023","IDX","Index","0","Units","2010_100","2010=100",83.50821,,
"CCRETT02","Relative unit labour costs","POL","Poland","A","Annual","2020","2020","IDX","Index","0","Units","2010_100","2010=100",102.8619,,
"CCRETT02","Relative unit labour costs","POL","Poland","A","Annual","2021","2021","IDX","Index","0","Units","2010_100","2010=100",100.2662,,
"CCRETT02","Relative unit labour costs","POL","Poland","A","Annual","2022","2022","IDX","Index","0","Units","2010_100","2010=100",99.328,,
"CCRETT02","Relative unit labour costs","POL","Poland","Q","Quarterly","2020-Q1","Q1-2020","IDX","Index","0","Units","2010_100","2010=100",101.1416,,
"CCRETT02","Relative unit labour costs","POL","Poland","Q","Quarterly","2020-Q2","Q2-2020","IDX","Index","0","Units","2010_100","2010=100",101.6171,,
"CCRETT02","Relative unit labour costs","POL","Poland","Q","Quarterly","2020-Q3","Q3-2020","IDX","Index","0","Units","2010_100","2010=100",105.258,,
"CCRETT02","Relative unit labour costs","POL","Poland","Q","Quarterly","2020-Q4","Q4-2020","IDX","Index","0","Units","2010_100","2010=100",103.4307,,
"CCRETT02","Relative unit labour costs","POL","Poland","Q","Quarterly","2021-Q1","Q1-2021","IDX","Index","0","Units","2010_100","2010=100",101.116,,
"CCRETT02","Relative unit labour costs","POL","Poland","Q","Quarterly","2021-Q2","Q2-2021","IDX","Index","0","Units","2010_100","2010=100",101.1003,,
"CCRETT02","Relative unit labour costs","POL","Poland","Q","Quarterly","2021-Q3","Q3-2021","IDX","Index","0","Units","2010_100","2010=100",96.69196,,
"CCRETT02","Relative unit labour costs","POL","Poland","Q","Quarterly","2021-Q4","Q4-2021","IDX","Index","0","Units","2010_100","2010=100",102.1565,,
"CCRETT02","Relative unit labour costs","POL","Poland","Q","Quarterly","2022-Q1","Q1-2022","IDX","Index","0","Units","2010_100","2010=100",96.84904,,
"CCRETT02","Relative unit labour costs","POL","Poland","Q","Quarterly","2022-Q2","Q2-2022","IDX","Index","0","Units","2010_100","2010=100",100.3975,,
"CCRETT02","Relative unit labour costs","POL","Poland","Q","Quarterly","2022-Q3","Q3-2022","IDX","Index","0","Units","2010_100","2010=100",97.33161,,
"CCRETT02","Relative unit labour costs","POL","Poland","Q","Quarterly","2022-Q4","Q4-2022","IDX","Index","0","Units","2010_100","2010=100",102.7338,,
"CCRETT02","Relative unit labour costs","POL","Poland","Q","Quarterly","2023-Q1","Q1-2023","IDX","Index","0","Units","2010_100","2010=100",102.5975,,
"CCRETT02","Relative unit labour costs","POL","Poland","Q","Quarterly","2023-Q2","Q2-2023","IDX","Index","0","Units","2010_100","2010=100",109.0854,,
"CCRETT02","Relative unit labour costs","PRT","Portugal","A","Annual","2020","2020","IDX","Index","0","Units","2010_100","2010=100",111.2152,,
"CCRETT02","Relative unit labour costs","PRT","Portugal","A","Annual","2021","2021","IDX","Index","0","Units","2010_100","2010=100",111.7561,,
"CCRETT02","Relative unit labour costs","PRT","Portugal","A","Annual","2022","2022","IDX","Index","0","Units","2010_100","2010=100",109.9852,,
"CCRETT02","Relative unit labour costs","PRT","Portugal","Q","Quarterly","2020-Q1","Q1-2020","IDX","Index","0","Units","2010_100","2010=100",107.6415,,
"CCRETT02","Relative unit labour costs","PRT","Portugal","Q","Quarterly","2020-Q2","Q2-2020","IDX","Index","0","Units","2010_100","2010=100",115.5208,,
"CCRETT02","Relative unit labour costs","PRT","Portugal","Q","Quarterly","2020-Q3","Q3-2020","IDX","Index","0","Units","2010_100","2010=100",110.297,,
"CCRETT02","Relative unit labour costs","PRT","Portugal","Q","Quarterly","2020-Q4","Q4-2020","IDX","Index","0","Units","2010_100","2010=100",111.4016,,
"CCRETT02","Relative unit labour costs","PRT","Portugal","Q","Quarterly","2021-Q1","Q1-2021","IDX","Index","0","Units","2010_100","2010=100",114.7133,,
"CCRETT02","Relative unit labour costs","PRT","Portugal","Q","Quarterly","2021-Q2","Q2-2021","IDX","Index","0","Units","2010_100","2010=100",113.3033,,
"CCRETT02","Relative unit labour costs","PRT","Portugal","Q","Quarterly","2021-Q3","Q3-2021","IDX","Index","0","Units","2010_100","2010=100",110.1505,,
"CCRETT02","Relative unit labour costs","PRT","Portugal","Q","Quarterly","2021-Q4","Q4-2021","IDX","Index","0","Units","2010_100","2010=100",108.8574,,
"CCRETT02","Relative unit labour costs","PRT","Portugal","Q","Quarterly","2022-Q1","Q1-2022","IDX","Index","0","Units","2010_100","2010=100",108.5037,,
"CCRETT02","Relative unit labour costs","PRT","Portugal","Q","Quarterly","2022-Q2","Q2-2022","IDX","Index","0","Units","2010_100","2010=100",111.2594,,
"CCRETT02","Relative unit labour costs","PRT","Portugal","Q","Quarterly","2022-Q3","Q3-2022","IDX","Index","0","Units","2010_100","2010=100",110.1489,,
"CCRETT02","Relative unit labour costs","PRT","Portugal","Q","Quarterly","2022-Q4","Q4-2022","IDX","Index","0","Units","2010_100","2010=100",110.0289,,
"CCRETT02","Relative unit labour costs","PRT","Portugal","Q","Quarterly","2023-Q1","Q1-2023","IDX","Index","0","Units","2010_100","2010=100",113.4414,,
"CCRETT02","Relative unit labour costs","PRT","Portugal","Q","Quarterly","2023-Q2","Q2-2023","IDX","Index","0","Units","2010_100","2010=100",116.0642,,
"CCRETT02","Relative unit labour costs","SVK","Slovak Republic","A","Annual","2020","2020","IDX","Index","0","Units","2010_100","2010=100",109.1047,,
"CCRETT02","Relative unit labour costs","SVK","Slovak Republic","A","Annual","2021","2021","IDX","Index","0","Units","2010_100","2010=100",109.0347,,
"CCRETT02","Relative unit labour costs","SVK","Slovak Republic","A","Annual","2022","2022","IDX","Index","0","Units","2010_100","2010=100",108.7156,,
"CCRETT02","Relative unit labour costs","SVK","Slovak Republic","Q","Quarterly","2020-Q1","Q1-2020","IDX","Index","0","Units","2010_100","2010=100",110.0111,,
"CCRETT02","Relative unit labour costs","SVK","Slovak Republic","Q","Quarterly","2020-Q2","Q2-2020","IDX","Index","0","Units","2010_100","2010=100",108.6532,,
"CCRETT02","Relative unit labour costs","SVK","Slovak Republic","Q","Quarterly","2020-Q3","Q3-2020","IDX","Index","0","Units","2010_100","2010=100",107.9118,,
"CCRETT02","Relative unit labour costs","SVK","Slovak Republic","Q","Quarterly","2020-Q4","Q4-2020","IDX","Index","0","Units","2010_100","2010=100",109.8426,,
"CCRETT02","Relative unit labour costs","SVK","Slovak Republic","Q","Quarterly","2021-Q1","Q1-2021","IDX","Index","0","Units","2010_100","2010=100",109.3997,,
"CCRETT02","Relative unit labour costs","SVK","Slovak Republic","Q","Quarterly","2021-Q2","Q2-2021","IDX","Index","0","Units","2010_100","2010=100",108.4889,,
"CCRETT02","Relative unit labour costs","SVK","Slovak Republic","Q","Quarterly","2021-Q3","Q3-2021","IDX","Index","0","Units","2010_100","2010=100",108.5605,,
"CCRETT02","Relative unit labour costs","SVK","Slovak Republic","Q","Quarterly","2021-Q4","Q4-2021","IDX","Index","0","Units","2010_100","2010=100",109.6895,,
"CCRETT02","Relative unit labour costs","SVK","Slovak Republic","Q","Quarterly","2022-Q1","Q1-2022","IDX","Index","0","Units","2010_100","2010=100",109.232,,
"CCRETT02","Relative unit labour costs","SVK","Slovak Republic","Q","Quarterly","2022-Q2","Q2-2022","IDX","Index","0","Units","2010_100","2010=100",108.6081,,
"CCRETT02","Relative unit labour costs","SVK","Slovak Republic","Q","Quarterly","2022-Q3","Q3-2022","IDX","Index","0","Units","2010_100","2010=100",109.1452,,
"CCRETT02","Relative unit labour costs","SVK","Slovak Republic","Q","Quarterly","2022-Q4","Q4-2022","IDX","Index","0","Units","2010_100","2010=100",107.8772,,
"CCRETT02","Relative unit labour costs","SVK","Slovak Republic","Q","Quarterly","2023-Q1","Q1-2023","IDX","Index","0","Units","2010_100","2010=100",107.7768,,
"CCRETT02","Relative unit labour costs","SVK","Slovak Republic","Q","Quarterly","2023-Q2","Q2-2023","IDX","Index","0","Units","2010_100","2010=100",108.3626,,
"CCRETT02","Relative unit labour costs","ESP","Spain","A","Annual","2020","2020","IDX","Index","0","Units","2010_100","2010=100",108.0667,,
"CCRETT02","Relative unit labour costs","ESP","Spain","A","Annual","2021","2021","IDX","Index","0","Units","2010_100","2010=100",107.6583,,
"CCRETT02","Relative unit labour costs","ESP","Spain","A","Annual","2022","2022","IDX","Index","0","Units","2010_100","2010=100",102.4306,,
"CCRETT02","Relative unit labour costs","ESP","Spain","Q","Quarterly","2020-Q1","Q1-2020","IDX","Index","0","Units","2010_100","2010=100",105.8088,,
"CCRETT02","Relative unit labour costs","ESP","Spain","Q","Quarterly","2020-Q2","Q2-2020","IDX","Index","0","Units","2010_100","2010=100",108.424,,
"CCRETT02","Relative unit labour costs","ESP","Spain","Q","Quarterly","2020-Q3","Q3-2020","IDX","Index","0","Units","2010_100","2010=100",108.8098,,
"CCRETT02","Relative unit labour costs","ESP","Spain","Q","Quarterly","2020-Q4","Q4-2020","IDX","Index","0","Units","2010_100","2010=100",109.2241,,
"CCRETT02","Relative unit labour costs","ESP","Spain","Q","Quarterly","2021-Q1","Q1-2021","IDX","Index","0","Units","2010_100","2010=100",109.4724,,
"CCRETT02","Relative unit labour costs","ESP","Spain","Q","Quarterly","2021-Q2","Q2-2021","IDX","Index","0","Units","2010_100","2010=100",107.9581,,
"CCRETT02","Relative unit labour costs","ESP","Spain","Q","Quarterly","2021-Q3","Q3-2021","IDX","Index","0","Units","2010_100","2010=100",108.1879,,
"CCRETT02","Relative unit labour costs","ESP","Spain","Q","Quarterly","2021-Q4","Q4-2021","IDX","Index","0","Units","2010_100","2010=100",105.0147,,
"CCRETT02","Relative unit labour costs","ESP","Spain","Q","Quarterly","2022-Q1","Q1-2022","IDX","Index","0","Units","2010_100","2010=100",104.9907,,
"CCRETT02","Relative unit labour costs","ESP","Spain","Q","Quarterly","2022-Q2","Q2-2022","IDX","Index","0","Units","2010_100","2010=100",101.0939,,
"CCRETT02","Relative unit labour costs","ESP","Spain","Q","Quarterly","2022-Q3","Q3-2022","IDX","Index","0","Units","2010_100","2010=100",101.5768,,
"CCRETT02","Relative unit labour costs","ESP","Spain","Q","Quarterly","2022-Q4","Q4-2022","IDX","Index","0","Units","2010_100","2010=100",102.061,,
"CCRETT02","Relative unit labour costs","ESP","Spain","Q","Quarterly","2023-Q1","Q1-2023","IDX","Index","0","Units","2010_100","2010=100",103.187,,
"CCRETT02","Relative unit labour costs","ESP","Spain","Q","Quarterly","2023-Q2","Q2-2023","IDX","Index","0","Units","2010_100","2010=100",102.6587,,
"CCRETT02","Relative unit labour costs","SWE","Sweden","A","Annual","2020","2020","IDX","Index","0","Units","2010_100","2010=100",93.75772,,
"CCRETT02","Relative unit labour costs","SWE","Sweden","A","Annual","2021","2021","IDX","Index","0","Units","2010_100","2010=100",96.62975,,
"CCRETT02","Relative unit labour costs","SWE","Sweden","A","Annual","2022","2022","IDX","Index","0","Units","2010_100","2010=100",89.80525,,
"CCRETT02","Relative unit labour costs","SWE","Sweden","Q","Quarterly","2020-Q1","Q1-2020","IDX","Index","0","Units","2010_100","2010=100",91.37206,,
"CCRETT02","Relative unit labour costs","SWE","Sweden","Q","Quarterly","2020-Q2","Q2-2020","IDX","Index","0","Units","2010_100","2010=100",93.26408,,
"CCRETT02","Relative unit labour costs","SWE","Sweden","Q","Quarterly","2020-Q3","Q3-2020","IDX","Index","0","Units","2010_100","2010=100",94.58186,,
"CCRETT02","Relative unit labour costs","SWE","Sweden","Q","Quarterly","2020-Q4","Q4-2020","IDX","Index","0","Units","2010_100","2010=100",95.8129,,
"CCRETT02","Relative unit labour costs","SWE","Sweden","Q","Quarterly","2021-Q1","Q1-2021","IDX","Index","0","Units","2010_100","2010=100",98.72982,,
"CCRETT02","Relative unit labour costs","SWE","Sweden","Q","Quarterly","2021-Q2","Q2-2021","IDX","Index","0","Units","2010_100","2010=100",97.68352,,
"CCRETT02","Relative unit labour costs","SWE","Sweden","Q","Quarterly","2021-Q3","Q3-2021","IDX","Index","0","Units","2010_100","2010=100",95.92606,,
"CCRETT02","Relative unit labour costs","SWE","Sweden","Q","Quarterly","2021-Q4","Q4-2021","IDX","Index","0","Units","2010_100","2010=100",94.17962,,
"CCRETT02","Relative unit labour costs","SWE","Sweden","Q","Quarterly","2022-Q1","Q1-2022","IDX","Index","0","Units","2010_100","2010=100",91.29372,,
"CCRETT02","Relative unit labour costs","SWE","Sweden","Q","Quarterly","2022-Q2","Q2-2022","IDX","Index","0","Units","2010_100","2010=100",91.41862,,
"CCRETT02","Relative unit labour costs","SWE","Sweden","Q","Quarterly","2022-Q3","Q3-2022","IDX","Index","0","Units","2010_100","2010=100",89.25838,,
"CCRETT02","Relative unit labour costs","SWE","Sweden","Q","Quarterly","2022-Q4","Q4-2022","IDX","Index","0","Units","2010_100","2010=100",87.2503,,
"CCRETT02","Relative unit labour costs","SWE","Sweden","Q","Quarterly","2023-Q1","Q1-2023","IDX","Index","0","Units","2010_100","2010=100",85.51921,,
"CCRETT02","Relative unit labour costs","SWE","Sweden","Q","Quarterly","2023-Q2","Q2-2023","IDX","Index","0","Units","2010_100","2010=100",85.50881,,
"CCRETT02","Relative unit labour costs","CHE","Switzerland","A","Annual","2020","2020","IDX","Index","0","Units","2010_100","2010=100",94.3498,,
"CCRETT02","Relative unit labour costs","CHE","Switzerland","A","Annual","2021","2021","IDX","Index","0","Units","2010_100","2010=100",93.72282,,
"CCRETT02","Relative unit labour costs","CHE","Switzerland","A","Annual","2022","2022","IDX","Index","0","Units","2010_100","2010=100",97.18166,,
"CCRETT02","Relative unit labour costs","CHE","Switzerland","Q","Quarterly","2020-Q1","Q1-2020","IDX","Index","0","Units","2010_100","2010=100",94.89353,,
"CCRETT02","Relative unit labour costs","CHE","Switzerland","Q","Quarterly","2020-Q2","Q2-2020","IDX","Index","0","Units","2010_100","2010=100",92.4358,,
"CCRETT02","Relative unit labour costs","CHE","Switzerland","Q","Quarterly","2020-Q3","Q3-2020","IDX","Index","0","Units","2010_100","2010=100",96.496,,
"CCRETT02","Relative unit labour costs","CHE","Switzerland","Q","Quarterly","2020-Q4","Q4-2020","IDX","Index","0","Units","2010_100","2010=100",93.57388,,
"CCRETT02","Relative unit labour costs","CHE","Switzerland","Q","Quarterly","2021-Q1","Q1-2021","IDX","Index","0","Units","2010_100","2010=100",93.06226,,
"CCRETT02","Relative unit labour costs","CHE","Switzerland","Q","Quarterly","2021-Q2","Q2-2021","IDX","Index","0","Units","2010_100","2010=100",92.15219,,
"CCRETT02","Relative unit labour costs","CHE","Switzerland","Q","Quarterly","2021-Q3","Q3-2021","IDX","Index","0","Units","2010_100","2010=100",93.79325,,
"CCRETT02","Relative unit labour costs","CHE","Switzerland","Q","Quarterly","2021-Q4","Q4-2021","IDX","Index","0","Units","2010_100","2010=100",95.88358,,
"CCRETT02","Relative unit labour costs","CHE","Switzerland","Q","Quarterly","2022-Q1","Q1-2022","IDX","Index","0","Units","2010_100","2010=100",96.23447,,
"CCRETT02","Relative unit labour costs","CHE","Switzerland","Q","Quarterly","2022-Q2","Q2-2022","IDX","Index","0","Units","2010_100","2010=100",95.61024,,
"CCRETT02","Relative unit labour costs","CHE","Switzerland","Q","Quarterly","2022-Q3","Q3-2022","IDX","Index","0","Units","2010_100","2010=100",99.18363,,
"CCRETT02","Relative unit labour costs","CHE","Switzerland","Q","Quarterly","2022-Q4","Q4-2022","IDX","Index","0","Units","2010_100","2010=100",97.69827,,
"CCRETT02","Relative unit labour costs","CHE","Switzerland","Q","Quarterly","2023-Q1","Q1-2023","IDX","Index","0","Units","2010_100","2010=100",96.58689,,
"CCRETT02","Relative unit labour costs","CHE","Switzerland","Q","Quarterly","2023-Q2","Q2-2023","IDX","Index","0","Units","2010_100","2010=100",98.11868,,
"CCRETT02","Relative unit labour costs","TUR","Türkiye","Q","Quarterly","2020-Q1","Q1-2020","IDX","Index","0","Units","2010_100","2010=100",71.20805,,
"CCRETT02","Relative unit labour costs","GBR","United Kingdom","A","Annual","2020","2020","IDX","Index","0","Units","2010_100","2010=100",94.62248,,
"CCRETT02","Relative unit labour costs","GBR","United Kingdom","A","Annual","2021","2021","IDX","Index","0","Units","2010_100","2010=100",95.36417,,
"CCRETT02","Relative unit labour costs","GBR","United Kingdom","A","Annual","2022","2022","IDX","Index","0","Units","2010_100","2010=100",92.15495,,
"CCRETT02","Relative unit labour costs","GBR","United Kingdom","Q","Quarterly","2020-Q1","Q1-2020","IDX","Index","0","Units","2010_100","2010=100",88.67564,,
"CCRETT02","Relative unit labour costs","GBR","United Kingdom","Q","Quarterly","2020-Q2","Q2-2020","IDX","Index","0","Units","2010_100","2010=100",103.0717,,
"CCRETT02","Relative unit labour costs","GBR","United Kingdom","Q","Quarterly","2020-Q3","Q3-2020","IDX","Index","0","Units","2010_100","2010=100",93.01508,,
"CCRETT02","Relative unit labour costs","GBR","United Kingdom","Q","Quarterly","2020-Q4","Q4-2020","IDX","Index","0","Units","2010_100","2010=100",93.72751,,
"CCRETT02","Relative unit labour costs","GBR","United Kingdom","Q","Quarterly","2021-Q1","Q1-2021","IDX","Index","0","Units","2010_100","2010=100",97.58917,,
"CCRETT02","Relative unit labour costs","GBR","United Kingdom","Q","Quarterly","2021-Q2","Q2-2021","IDX","Index","0","Units","2010_100","2010=100",95.32145,,
"CCRETT02","Relative unit labour costs","GBR","United Kingdom","Q","Quarterly","2021-Q3","Q3-2021","IDX","Index","0","Units","2010_100","2010=100",94.80212,,
"CCRETT02","Relative unit labour costs","GBR","United Kingdom","Q","Quarterly","2021-Q4","Q4-2021","IDX","Index","0","Units","2010_100","2010=100",93.74397,,
"CCRETT02","Relative unit labour costs","GBR","United Kingdom","Q","Quarterly","2022-Q1","Q1-2022","IDX","Index","0","Units","2010_100","2010=100",95.39956,,
"CCRETT02","Relative unit labour costs","GBR","United Kingdom","Q","Quarterly","2022-Q2","Q2-2022","IDX","Index","0","Units","2010_100","2010=100",92.4406,,
"CCRETT02","Relative unit labour costs","GBR","United Kingdom","Q","Quarterly","2022-Q3","Q3-2022","IDX","Index","0","Units","2010_100","2010=100",90.35857,,
"CCRETT02","Relative unit labour costs","GBR","United Kingdom","Q","Quarterly","2022-Q4","Q4-2022","IDX","Index","0","Units","2010_100","2010=100",90.42107,,
"CCRETT02","Relative unit labour costs","GBR","United Kingdom","Q","Quarterly","2023-Q1","Q1-2023","IDX","Index","0","Units","2010_100","2010=100",90.40573,,
"CCRETT02","Relative unit labour costs","GBR","United Kingdom","Q","Quarterly","2023-Q2","Q2-2023","IDX","Index","0","Units","2010_100","2010=100",93.88599,,
"CCRETT02","Relative unit labour costs","USA","United States","A","Annual","2020","2020","IDX","Index","0","Units","2010_100","2010=100",106.7824,,
"CCRETT02","Relative unit labour costs","USA","United States","A","Annual","2021","2021","IDX","Index","0","Units","2010_100","2010=100",102.9401,,
"CCRETT02","Relative unit labour costs","USA","United States","A","Annual","2022","2022","IDX","Index","0","Units","2010_100","2010=100",112.7695,,
"CCRETT02","Relative unit labour costs","USA","United States","Q","Quarterly","2020-Q1","Q1-2020","IDX","Index","0","Units","2010_100","2010=100",108.403,,
"CCRETT02","Relative unit labour costs","USA","United States","Q","Quarterly","2020-Q2","Q2-2020","IDX","Index","0","Units","2010_100","2010=100",108.7887,,
"CCRETT02","Relative unit labour costs","USA","United States","Q","Quarterly","2020-Q3","Q3-2020","IDX","Index","0","Units","2010_100","2010=100",105.3885,,
"CCRETT02","Relative unit labour costs","USA","United States","Q","Quarterly","2020-Q4","Q4-2020","IDX","Index","0","Units","2010_100","2010=100",104.5496,,
"CCRETT02","Relative unit labour costs","USA","United States","Q","Quarterly","2021-Q1","Q1-2021","IDX","Index","0","Units","2010_100","2010=100",101.5838,,
"CCRETT02","Relative unit labour costs","USA","United States","Q","Quarterly","2021-Q2","Q2-2021","IDX","Index","0","Units","2010_100","2010=100",101.4711,,
"CCRETT02","Relative unit labour costs","USA","United States","Q","Quarterly","2021-Q3","Q3-2021","IDX","Index","0","Units","2010_100","2010=100",103.3383,,
"CCRETT02","Relative unit labour costs","USA","United States","Q","Quarterly","2021-Q4","Q4-2021","IDX","Index","0","Units","2010_100","2010=100",105.3672,,
"CCRETT02","Relative unit labour costs","USA","United States","Q","Quarterly","2022-Q1","Q1-2022","IDX","Index","0","Units","2010_100","2010=100",107.0677,,
"CCRETT02","Relative unit labour costs","USA","United States","Q","Quarterly","2022-Q2","Q2-2022","IDX","Index","0","Units","2010_100","2010=100",111.0592,,
"CCRETT02","Relative unit labour costs","USA","United States","Q","Quarterly","2022-Q3","Q3-2022","IDX","Index","0","Units","2010_100","2010=100",116.3698,,
"CCRETT02","Relative unit labour costs","USA","United States","Q","Quarterly","2022-Q4","Q4-2022","IDX","Index","0","Units","2010_100","2010=100",116.5813,,
"CCRETT02","Relative unit labour costs","USA","United States","Q","Quarterly","2023-Q1","Q1-2023","IDX","Index","0","Units","2010_100","2010=100",112.0236,,
"CCRETT02","Relative unit labour costs","USA","United States","Q","Quarterly","2023-Q2","Q2-2023","IDX","Index","0","Units","2010_100","2010=100",111.594,,
"CCRETT02","Relative unit labour costs","CHL","Chile","A","Annual","2020","2020","IDX","Index","0","Units","2010_100","2010=100",105.4089,,
"CCRETT02","Relative unit labour costs","CHL","Chile","A","Annual","2021","2021","IDX","Index","0","Units","2010_100","2010=100",108.7646,,
"CCRETT02","Relative unit labour costs","CHL","Chile","A","Annual","2022","2022","IDX","Index","0","Units","2010_100","2010=100",102.4241,,
"CCRETT02","Relative unit labour costs","CHL","Chile","Q","Quarterly","2020-Q1","Q1-2020","IDX","Index","0","Units","2010_100","2010=100",96.74232,,
"CCRETT02","Relative unit labour costs","CHL","Chile","Q","Quarterly","2020-Q2","Q2-2020","IDX","Index","0","Units","2010_100","2010=100",106.9996,,
"CCRETT02","Relative unit labour costs","CHL","Chile","Q","Quarterly","2020-Q3","Q3-2020","IDX","Index","0","Units","2010_100","2010=100",110.6527,,
"CCRETT02","Relative unit labour costs","CHL","Chile","Q","Quarterly","2020-Q4","Q4-2020","IDX","Index","0","Units","2010_100","2010=100",107.2409,,
"CCRETT02","Relative unit labour costs","CHL","Chile","Q","Quarterly","2021-Q1","Q1-2021","IDX","Index","0","Units","2010_100","2010=100",112.7064,,
"CCRETT02","Relative unit labour costs","CHL","Chile","Q","Quarterly","2021-Q2","Q2-2021","IDX","Index","0","Units","2010_100","2010=100",116.2395,,
"CCRETT02","Relative unit labour costs","CHL","Chile","Q","Quarterly","2021-Q3","Q3-2021","IDX","Index","0","Units","2010_100","2010=100",106.5159,,
"CCRETT02","Relative unit labour costs","CHL","Chile","Q","Quarterly","2021-Q4","Q4-2021","IDX","Index","0","Units","2010_100","2010=100",99.59669,,
"CCRETT02","Relative unit labour costs","CHL","Chile","Q","Quarterly","2022-Q1","Q1-2022","IDX","Index","0","Units","2010_100","2010=100",103.2844,,
"CCRETT02","Relative unit labour costs","CHL","Chile","Q","Quarterly","2022-Q2","Q2-2022","IDX","Index","0","Units","2010_100","2010=100",102.6819,,
"CCRETT02","Relative unit labour costs","CHL","Chile","Q","Quarterly","2022-Q3","Q3-2022","IDX","Index","0","Units","2010_100","2010=100",99.49741,,
"CCRETT02","Relative unit labour costs","CHL","Chile","Q","Quarterly","2022-Q4","Q4-2022","IDX","Index","0","Units","2010_100","2010=100",104.2326,,
"CCRETT02","Relative unit labour costs","CHL","Chile","Q","Quarterly","2023-Q1","Q1-2023","IDX","Index","0","Units","2010_100","2010=100",115.7484,,
"CCRETT02","Relative unit labour costs","CHL","Chile","Q","Quarterly","2023-Q2","Q2-2023","IDX","Index","0","Units","2010_100","2010=100",119.7037,,
"CCRETT02","Relative unit labour costs","EST","Estonia","A","Annual","2020","2020","IDX","Index","0","Units","2010_100","2010=100",111.7233,,
"CCRETT02","Relative unit labour costs","EST","Estonia","A","Annual","2021","2021","IDX","Index","0","Units","2010_100","2010=100",111.6673,,
"CCRETT02","Relative unit labour costs","EST","Estonia","A","Annual","2022","2022","IDX","Index","0","Units","2010_100","2010=100",118.2172,,
"CCRETT02","Relative unit labour costs","EST","Estonia","Q","Quarterly","2020-Q1","Q1-2020","IDX","Index","0","Units","2010_100","2010=100",111.686,,
"CCRETT02","Relative unit labour costs","EST","Estonia","Q","Quarterly","2020-Q2","Q2-2020","IDX","Index","0","Units","2010_100","2010=100",106.8629,,
"CCRETT02","Relative unit labour costs","EST","Estonia","Q","Quarterly","2020-Q3","Q3-2020","IDX","Index","0","Units","2010_100","2010=100",114.2503,,
"CCRETT02","Relative unit labour costs","EST","Estonia","Q","Quarterly","2020-Q4","Q4-2020","IDX","Index","0","Units","2010_100","2010=100",114.0939,,
"CCRETT02","Relative unit labour costs","EST","Estonia","Q","Quarterly","2021-Q1","Q1-2021","IDX","Index","0","Units","2010_100","2010=100",111.5213,,
"CCRETT02","Relative unit labour costs","EST","Estonia","Q","Quarterly","2021-Q2","Q2-2021","IDX","Index","0","Units","2010_100","2010=100",110.1656,,
"CCRETT02","Relative unit labour costs","EST","Estonia","Q","Quarterly","2021-Q3","Q3-2021","IDX","Index","0","Units","2010_100","2010=100",111.8468,,
"CCRETT02","Relative unit labour costs","EST","Estonia","Q","Quarterly","2021-Q4","Q4-2021","IDX","Index","0","Units","2010_100","2010=100",113.1355,,
"CCRETT02","Relative unit labour costs","EST","Estonia","Q","Quarterly","2022-Q1","Q1-2022","IDX","Index","0","Units","2010_100","2010=100",118.3299,,
"CCRETT02","Relative unit labour costs","EST","Estonia","Q","Quarterly","2022-Q2","Q2-2022","IDX","Index","0","Units","2010_100","2010=100",117.9838,,
"CCRETT02","Relative unit labour costs","EST","Estonia","Q","Quarterly","2022-Q3","Q3-2022","IDX","Index","0","Units","2010_100","2010=100",116.5393,,
"CCRETT02","Relative unit labour costs","EST","Estonia","Q","Quarterly","2022-Q4","Q4-2022","IDX","Index","0","Units","2010_100","2010=100",120.0158,,
"CCRETT02","Relative unit labour costs","EST","Estonia","Q","Quarterly","2023-Q1","Q1-2023","IDX","Index","0","Units","2010_100","2010=100",125.795,,
"CCRETT02","Relative unit labour costs","EST","Estonia","Q","Quarterly","2023-Q2","Q2-2023","IDX","Index","0","Units","2010_100","2010=100",122.0853,,
"CCRETT02","Relative unit labour costs","ISR","Israel","A","Annual","2020","2020","IDX","Index","0","Units","2010_100","2010=100",114.0873,,
"CCRETT02","Relative unit labour costs","ISR","Israel","A","Annual","2021","2021","IDX","Index","0","Units","2010_100","2010=100",116.6627,,
"CCRETT02","Relative unit labour costs","ISR","Israel","A","Annual","2022","2022","IDX","Index","0","Units","2010_100","2010=100",119.9265,,
"CCRETT02","Relative unit labour costs","ISR","Israel","Q","Quarterly","2020-Q1","Q1-2020","IDX","Index","0","Units","2010_100","2010=100",113.889,,
"CCRETT02","Relative unit labour costs","ISR","Israel","Q","Quarterly","2020-Q2","Q2-2020","IDX","Index","0","Units","2010_100","2010=100",114.3809,,
"CCRETT02","Relative unit labour costs","ISR","Israel","Q","Quarterly","2020-Q3","Q3-2020","IDX","Index","0","Units","2010_100","2010=100",115.2332,,
"CCRETT02","Relative unit labour costs","ISR","Israel","Q","Quarterly","2020-Q4","Q4-2020","IDX","Index","0","Units","2010_100","2010=100",112.8463,,
"CCRETT02","Relative unit labour costs","ISR","Israel","Q","Quarterly","2021-Q1","Q1-2021","IDX","Index","0","Units","2010_100","2010=100",115.2176,,
"CCRETT02","Relative unit labour costs","ISR","Israel","Q","Quarterly","2021-Q2","Q2-2021","IDX","Index","0","Units","2010_100","2010=100",115.1465,,
"CCRETT02","Relative unit labour costs","ISR","Israel","Q","Quarterly","2021-Q3","Q3-2021","IDX","Index","0","Units","2010_100","2010=100",116.278,,
"CCRETT02","Relative unit labour costs","ISR","Israel","Q","Quarterly","2021-Q4","Q4-2021","IDX","Index","0","Units","2010_100","2010=100",120.0085,,
"CCRETT02","Relative unit labour costs","ISR","Israel","Q","Quarterly","2022-Q1","Q1-2022","IDX","Index","0","Units","2010_100","2010=100",122.002,,
"CCRETT02","Relative unit labour costs","ISR","Israel","Q","Quarterly","2022-Q2","Q2-2022","IDX","Index","0","Units","2010_100","2010=100",120.547,,
"CCRETT02","Relative unit labour costs","ISR","Israel","Q","Quarterly","2022-Q3","Q3-2022","IDX","Index","0","Units","2010_100","2010=100",122.0783,,
"CCRETT02","Relative unit labour costs","ISR","Israel","Q","Quarterly","2022-Q4","Q4-2022","IDX","Index","0","Units","2010_100","2010=100",115.0787,,
"CCRETT02","Relative unit labour costs","ISR","Israel","Q","Quarterly","2023-Q1","Q1-2023","IDX","Index","0","Units","2010_100","2010=100",114.0225,,
"CCRETT02","Relative unit labour costs","ISR","Israel","Q","Quarterly","2023-Q2","Q2-2023","IDX","Index","0","Units","2010_100","2010=100",111.4581,,
"CCRETT02","Relative unit labour costs","SVN","Slovenia","A","Annual","2020","2020","IDX","Index","0","Units","2010_100","2010=100",109.4234,,
"CCRETT02","Relative unit labour costs","SVN","Slovenia","A","Annual","2021","2021","IDX","Index","0","Units","2010_100","2010=100",110.07,,
"CCRETT02","Relative unit labour costs","SVN","Slovenia","A","Annual","2022","2022","IDX","Index","0","Units","2010_100","2010=100",105.7608,,
"CCRETT02","Relative unit labour costs","SVN","Slovenia","Q","Quarterly","2020-Q1","Q1-2020","IDX","Index","0","Units","2010_100","2010=100",106.921,,
"CCRETT02","Relative unit labour costs","SVN","Slovenia","Q","Quarterly","2020-Q2","Q2-2020","IDX","Index","0","Units","2010_100","2010=100",111.9282,,
"CCRETT02","Relative unit labour costs","SVN","Slovenia","Q","Quarterly","2020-Q3","Q3-2020","IDX","Index","0","Units","2010_100","2010=100",106.0852,,
"CCRETT02","Relative unit labour costs","SVN","Slovenia","Q","Quarterly","2020-Q4","Q4-2020","IDX","Index","0","Units","2010_100","2010=100",112.7593,,
"CCRETT02","Relative unit labour costs","SVN","Slovenia","Q","Quarterly","2021-Q1","Q1-2021","IDX","Index","0","Units","2010_100","2010=100",112.7642,,
"CCRETT02","Relative unit labour costs","SVN","Slovenia","Q","Quarterly","2021-Q2","Q2-2021","IDX","Index","0","Units","2010_100","2010=100",112.7417,,
"CCRETT02","Relative unit labour costs","SVN","Slovenia","Q","Quarterly","2021-Q3","Q3-2021","IDX","Index","0","Units","2010_100","2010=100",109.0699,,
"CCRETT02","Relative unit labour costs","SVN","Slovenia","Q","Quarterly","2021-Q4","Q4-2021","IDX","Index","0","Units","2010_100","2010=100",105.7042,,
"CCRETT02","Relative unit labour costs","SVN","Slovenia","Q","Quarterly","2022-Q1","Q1-2022","IDX","Index","0","Units","2010_100","2010=100",104.2612,,
"CCRETT02","Relative unit labour costs","SVN","Slovenia","Q","Quarterly","2022-Q2","Q2-2022","IDX","Index","0","Units","2010_100","2010=100",104.3861,,
"CCRETT02","Relative unit labour costs","SVN","Slovenia","Q","Quarterly","2022-Q3","Q3-2022","IDX","Index","0","Units","2010_100","2010=100",106.3851,,
"CCRETT02","Relative unit labour costs","SVN","Slovenia","Q","Quarterly","2022-Q4","Q4-2022","IDX","Index","0","Units","2010_100","2010=100",108.0108,,
"CCRETT02","Relative unit labour costs","SVN","Slovenia","Q","Quarterly","2023-Q1","Q1-2023","IDX","Index","0","Units","2010_100","2010=100",109.9776,,
"CCRETT02","Relative unit labour costs","SVN","Slovenia","Q","Quarterly","2023-Q2","Q2-2023","IDX","Index","0","Units","2010_100","2010=100",110.6995,,
"CCRETT02","Relative unit labour costs","LVA","Latvia","A","Annual","2020","2020","IDX","Index","0","Units","2010_100","2010=100",115.405,,
"CCRETT02","Relative unit labour costs","LVA","Latvia","A","Annual","2021","2021","IDX","Index","0","Units","2010_100","2010=100",118.7349,,
"CCRETT02","Relative unit labour costs","LVA","Latvia","A","Annual","2022","2022","IDX","Index","0","Units","2010_100","2010=100",116.4453,,
"CCRETT02","Relative unit labour costs","LVA","Latvia","Q","Quarterly","2020-Q1","Q1-2020","IDX","Index","0","Units","2010_100","2010=100",114.8409,,
"CCRETT02","Relative unit labour costs","LVA","Latvia","Q","Quarterly","2020-Q2","Q2-2020","IDX","Index","0","Units","2010_100","2010=100",109.924,,
"CCRETT02","Relative unit labour costs","LVA","Latvia","Q","Quarterly","2020-Q3","Q3-2020","IDX","Index","0","Units","2010_100","2010=100",118.6595,,
"CCRETT02","Relative unit labour costs","LVA","Latvia","Q","Quarterly","2020-Q4","Q4-2020","IDX","Index","0","Units","2010_100","2010=100",118.1955,,
"CCRETT02","Relative unit labour costs","LVA","Latvia","Q","Quarterly","2021-Q1","Q1-2021","IDX","Index","0","Units","2010_100","2010=100",117.8232,,
"CCRETT02","Relative unit labour costs","LVA","Latvia","Q","Quarterly","2021-Q2","Q2-2021","IDX","Index","0","Units","2010_100","2010=100",118.2028,,
"CCRETT02","Relative unit labour costs","LVA","Latvia","Q","Quarterly","2021-Q3","Q3-2021","IDX","Index","0","Units","2010_100","2010=100",120.5999,,
"CCRETT02","Relative unit labour costs","LVA","Latvia","Q","Quarterly","2021-Q4","Q4-2021","IDX","Index","0","Units","2010_100","2010=100",118.3136,,
"CCRETT02","Relative unit labour costs","LVA","Latvia","Q","Quarterly","2022-Q1","Q1-2022","IDX","Index","0","Units","2010_100","2010=100",120.265,,
"CCRETT02","Relative unit labour costs","LVA","Latvia","Q","Quarterly","2022-Q2","Q2-2022","IDX","Index","0","Units","2010_100","2010=100",114.95,,
"CCRETT02","Relative unit labour costs","LVA","Latvia","Q","Quarterly","2022-Q3","Q3-2022","IDX","Index","0","Units","2010_100","2010=100",114.3271,,
"CCRETT02","Relative unit labour costs","LVA","Latvia","Q","Quarterly","2022-Q4","Q4-2022","IDX","Index","0","Units","2010_100","2010=100",116.239,,
"CCRETT02","Relative unit labour costs","LVA","Latvia","Q","Quarterly","2023-Q1","Q1-2023","IDX","Index","0","Units","2010_100","2010=100",122.1784,,
"CCRETT02","Relative unit labour costs","LVA","Latvia","Q","Quarterly","2023-Q2","Q2-2023","IDX","Index","0","Units","2010_100","2010=100",127.1698,,
"CCRETT02","Relative unit labour costs","COL","Colombia","A","Annual","2020","2020","IDX","Index","0","Units","2010_100","2010=100",94.93972,,
"CCRETT02","Relative unit labour costs","COL","Colombia","A","Annual","2021","2021","IDX","Index","0","Units","2010_100","2010=100",89.06338,,
"CCRETT02","Relative unit labour costs","COL","Colombia","A","Annual","2022","2022","IDX","Index","0","Units","2010_100","2010=100",76.993,,
"CCRETT02","Relative unit labour costs","COL","Colombia","Q","Quarterly","2020-Q1","Q1-2020","IDX","Index","0","Units","2010_100","2010=100",92.04694,,
"CCRETT02","Relative unit labour costs","COL","Colombia","Q","Quarterly","2020-Q2","Q2-2020","IDX","Index","0","Units","2010_100","2010=100",100.138,,
"CCRETT02","Relative unit labour costs","COL","Colombia","Q","Quarterly","2020-Q3","Q3-2020","IDX","Index","0","Units","2010_100","2010=100",95.73855,,
"CCRETT02","Relative unit labour costs","COL","Colombia","Q","Quarterly","2020-Q4","Q4-2020","IDX","Index","0","Units","2010_100","2010=100",91.83542,,
"CCRETT02","Relative unit labour costs","COL","Colombia","Q","Quarterly","2021-Q1","Q1-2021","IDX","Index","0","Units","2010_100","2010=100",92.85484,,
"CCRETT02","Relative unit labour costs","COL","Colombia","Q","Quarterly","2021-Q2","Q2-2021","IDX","Index","0","Units","2010_100","2010=100",93.13572,,
"CCRETT02","Relative unit labour costs","COL","Colombia","Q","Quarterly","2021-Q3","Q3-2021","IDX","Index","0","Units","2010_100","2010=100",86.27493,,
"CCRETT02","Relative unit labour costs","COL","Colombia","Q","Quarterly","2021-Q4","Q4-2021","IDX","Index","0","Units","2010_100","2010=100",83.98801,,
"CCRETT02","Relative unit labour costs","COL","Colombia","Q","Quarterly","2022-Q1","Q1-2022","IDX","Index","0","Units","2010_100","2010=100",81.94798,,
"CCRETT02","Relative unit labour costs","COL","Colombia","Q","Quarterly","2022-Q2","Q2-2022","IDX","Index","0","Units","2010_100","2010=100",82.48952,,
"CCRETT02","Relative unit labour costs","COL","Colombia","Q","Quarterly","2022-Q3","Q3-2022","IDX","Index","0","Units","2010_100","2010=100",75.02032,,
"CCRETT02","Relative unit labour costs","COL","Colombia","Q","Quarterly","2022-Q4","Q4-2022","IDX","Index","0","Units","2010_100","2010=100",68.51417,,
"CCRETT02","Relative unit labour costs","COL","Colombia","Q","Quarterly","2023-Q1","Q1-2023","IDX","Index","0","Units","2010_100","2010=100",66.83507,,
"CCRETT02","Relative unit labour costs","COL","Colombia","Q","Quarterly","2023-Q2","Q2-2023","IDX","Index","0","Units","2010_100","2010=100",71.38209,,
"CCRETT02","Relative unit labour costs","EA19","Euro area (19 countries)","A","Annual","2020","2020","IDX","Index","0","Units","2010_100","2010=100",107.9177,,
"CCRETT02","Relative unit labour costs","EA19","Euro area (19 countries)","A","Annual","2021","2021","IDX","Index","0","Units","2010_100","2010=100",107.7225,,
"CCRETT02","Relative unit labour costs","EA19","Euro area (19 countries)","A","Annual","2022","2022","IDX","Index","0","Units","2010_100","2010=100",102.0994,,
"CCRETT02","Relative unit labour costs","EA19","Euro area (19 countries)","Q","Quarterly","2020-Q1","Q1-2020","IDX","Index","0","Units","2010_100","2010=100",105.3322,,
"CCRETT02","Relative unit labour costs","EA19","Euro area (19 countries)","Q","Quarterly","2020-Q2","Q2-2020","IDX","Index","0","Units","2010_100","2010=100",107.4274,,
"CCRETT02","Relative unit labour costs","EA19","Euro area (19 countries)","Q","Quarterly","2020-Q3","Q3-2020","IDX","Index","0","Units","2010_100","2010=100",108.8956,,
"CCRETT02","Relative unit labour costs","EA19","Euro area (19 countries)","Q","Quarterly","2020-Q4","Q4-2020","IDX","Index","0","Units","2010_100","2010=100",110.0155,,
"CCRETT02","Relative unit labour costs","EA19","Euro area (19 countries)","Q","Quarterly","2021-Q1","Q1-2021","IDX","Index","0","Units","2010_100","2010=100",109.1016,,
"CCRETT02","Relative unit labour costs","EA19","Euro area (19 countries)","Q","Quarterly","2021-Q2","Q2-2021","IDX","Index","0","Units","2010_100","2010=100",108.449,,
"CCRETT02","Relative unit labour costs","EA19","Euro area (19 countries)","Q","Quarterly","2021-Q3","Q3-2021","IDX","Index","0","Units","2010_100","2010=100",107.6226,,
"CCRETT02","Relative unit labour costs","EA19","Euro area (19 countries)","Q","Quarterly","2021-Q4","Q4-2021","IDX","Index","0","Units","2010_100","2010=100",105.7169,,
"CCRETT02","Relative unit labour costs","EA19","Euro area (19 countries)","Q","Quarterly","2022-Q1","Q1-2022","IDX","Index","0","Units","2010_100","2010=100",105.166,,
"CCRETT02","Relative unit labour costs","EA19","Euro area (19 countries)","Q","Quarterly","2022-Q2","Q2-2022","IDX","Index","0","Units","2010_100","2010=100",101.4359,,
"CCRETT02","Relative unit labour costs","EA19","Euro area (19 countries)","Q","Quarterly","2022-Q3","Q3-2022","IDX","Index","0","Units","2010_100","2010=100",99.42906,,
"CCRETT02","Relative unit labour costs","EA19","Euro area (19 countries)","Q","Quarterly","2022-Q4","Q4-2022","IDX","Index","0","Units","2010_100","2010=100",102.3668,,
"CCRETT02","Relative unit labour costs","EA19","Euro area (19 countries)","Q","Quarterly","2023-Q1","Q1-2023","IDX","Index","0","Units","2010_100","2010=100",105.6537,,
"CCRETT02","Relative unit labour costs","EA19","Euro area (19 countries)","Q","Quarterly","2023-Q2","Q2-2023","IDX","Index","0","Units","2010_100","2010=100",106.9457,,
